Iteration,Inference Threads,Timestamp,User,Nice,System,Idle,IOwait,IRQ,SoftIRQ,Timestamp Start,Timestamp Stop,Medium,Implementation,Usage,Timestamp Sliced,Timestamp Start Sliced,Timestamp Stop Sliced,Has Workload
0,3,1723412215,156570.0,0.0,153319.0,8123700.0,1054.0,0.0,3367.0,1723412218,1723412219,na,label_image,3.7249304042066833,0,3,4,False
0,3,1723412216,156571.0,0.0,153332.0,8124100.0,1054.0,0.0,3367.0,1723412218,1723412219,na,label_image,3.3816425120772986,1,3,4,False
0,3,1723412217,156571.0,0.0,153342.0,8124502.0,1054.0,0.0,3367.0,1723412218,1723412219,na,label_image,2.4271844660194164,2,3,4,False
0,3,1723412218,156606.0,0.0,153385.0,8124850.0,1054.0,0.0,3367.0,1723412218,1723412219,na,label_image,18.309859154929576,3,3,4,True
0,3,1723412219,156693.0,0.0,153433.0,8125139.0,1054.0,0.0,3367.0,1723412218,1723412219,na,label_image,31.839622641509436,4,3,4,True
0,3,1723412220,156694.0,0.0,153446.0,8125540.0,1055.0,0.0,3367.0,1723412218,1723412219,na,label_image,3.605769230769229,5,3,4,False
0,3,1723412221,156695.0,0.0,153459.0,8125940.0,1055.0,0.0,3367.0,1723412218,1723412219,na,label_image,3.3816425120772986,6,3,4,False
0,3,1723412222,156716.0,0.0,153477.0,8126316.0,1055.0,0.0,3367.0,1723412218,1723412219,na,label_image,9.397590361445785,7,3,4,False
1,3,1723412225,156869.0,0.0,153566.0,8127295.0,1056.0,0.0,3368.0,1723412228,1723412230,na,label_image,3.729605027342553,0,3,5,False
1,3,1723412226,156871.0,0.0,153578.0,8127698.0,1056.0,0.0,3368.0,1723412228,1723412230,na,label_image,3.3573141486810565,1,3,5,False
1,3,1723412227,156871.0,0.0,153590.0,8128100.0,1056.0,0.0,3368.0,1723412228,1723412230,na,label_image,2.898550724637683,2,3,5,False
1,3,1723412228,156906.0,0.0,153626.0,8128453.0,1056.0,0.0,3368.0,1723412228,1723412230,na,label_image,16.74528301886793,3,3,5,True
1,3,1723412230,156997.0,0.0,153675.0,8128724.0,1056.0,0.0,3368.0,1723412228,1723412230,na,label_image,34.06326034063261,5,3,5,True
1,3,1723412231,157000.0,0.0,153688.0,8129125.0,1056.0,0.0,3368.0,1723412228,1723412230,na,label_image,3.83693045563549,6,3,5,False
1,3,1723412232,157002.0,0.0,153697.0,8129526.0,1056.0,0.0,3368.0,1723412228,1723412230,na,label_image,2.669902912621358,7,3,5,False
1,3,1723412233,157012.0,0.0,153714.0,8129919.0,1056.0,0.0,3368.0,1723412228,1723412230,na,label_image,6.428571428571428,8,3,5,False
2,3,1723412236,157160.0,0.0,153803.0,8130900.0,1057.0,0.0,3368.0,1723412238,1723412240,na,label_image,3.7340426942581217,0,2,4,False
2,3,1723412237,157163.0,0.0,153815.0,8131299.0,1057.0,0.0,3368.0,1723412238,1723412240,na,label_image,3.6231884057971064,1,2,4,False
2,3,1723412238,157166.0,0.0,153827.0,8131701.0,1057.0,0.0,3368.0,1723412238,1723412240,na,label_image,3.597122302158273,2,2,4,True
2,3,1723412239,157191.0,0.0,153851.0,8132063.0,1057.0,0.0,3368.0,1723412238,1723412240,na,label_image,11.922141119221408,3,2,4,True
2,3,1723412240,157289.0,0.0,153919.0,8132315.0,1057.0,0.0,3368.0,1723412238,1723412240,na,label_image,39.71291866028708,4,2,4,True
2,3,1723412241,157294.0,0.0,153935.0,8132707.0,1057.0,0.0,3368.0,1723412238,1723412240,na,label_image,5.0847457627118615,5,2,4,False
2,3,1723412242,157297.0,0.0,153947.0,8133107.0,1057.0,0.0,3368.0,1723412238,1723412240,na,label_image,3.6144578313253017,6,2,4,False
2,3,1723412243,157298.0,0.0,153963.0,8133509.0,1057.0,0.0,3368.0,1723412238,1723412240,na,label_image,4.057279236276845,7,2,4,False
3,3,1723412246,157454.0,0.0,154055.0,8134544.0,1057.0,0.0,3368.0,1723412249,1723412250,na,label_image,3.738652417058541,0,3,4,False
3,3,1723412247,157459.0,0.0,154066.0,8134939.0,1057.0,0.0,3368.0,1723412249,1723412250,na,label_image,3.8929440389294356,1,3,4,False
3,3,1723412248,157461.0,0.0,154078.0,8135342.0,1057.0,0.0,3368.0,1723412249,1723412250,na,label_image,3.3573141486810565,2,3,4,False
3,3,1723412249,157485.0,0.0,154107.0,8135708.0,1057.0,0.0,3368.0,1723412249,1723412250,na,label_image,12.649164677804292,3,3,4,True
3,3,1723412250,157572.0,0.0,154165.0,8135975.0,1057.0,0.0,3368.0,1723412249,1723412250,na,label_image,35.19417475728155,4,3,4,True
3,3,1723412252,157574.0,0.0,154179.0,8136378.0,1057.0,0.0,3368.0,1723412249,1723412250,na,label_image,3.8186157517899777,6,3,4,False
3,3,1723412253,157575.0,0.0,154191.0,8136778.0,1057.0,0.0,3368.0,1723412249,1723412250,na,label_image,3.147699757869249,7,3,4,False
3,3,1723412254,157591.0,0.0,154207.0,8137160.0,1057.0,0.0,3368.0,1723412249,1723412250,na,label_image,7.729468599033817,8,3,4,False
4,3,1723412257,157740.0,0.0,154302.0,8138159.0,1057.0,0.0,3369.0,1723412259,1723412261,na,label_image,3.7431337893439887,0,2,4,False
4,3,1723412258,157741.0,0.0,154316.0,8138562.0,1058.0,0.0,3369.0,1723412259,1723412261,na,label_image,3.8186157517899777,1,2,4,False
4,3,1723412259,157742.0,0.0,154327.0,8138965.0,1058.0,0.0,3369.0,1723412259,1723412261,na,label_image,2.8915662650602414,2,2,4,True
4,3,1723412260,157771.0,0.0,154365.0,8139316.0,1058.0,0.0,3369.0,1723412259,1723412261,na,label_image,16.028708133971293,3,2,4,True
4,3,1723412261,157866.0,0.0,154427.0,8139578.0,1058.0,0.0,3369.0,1723412259,1723412261,na,label_image,37.47016706443914,4,2,4,True
4,3,1723412262,157868.0,0.0,154442.0,8139980.0,1058.0,0.0,3369.0,1723412259,1723412261,na,label_image,4.057279236276845,5,2,4,False
4,3,1723412263,157871.0,0.0,154452.0,8140382.0,1058.0,0.0,3369.0,1723412259,1723412261,na,label_image,3.1325301204819245,6,2,4,False
4,3,1723412264,157879.0,0.0,154467.0,8140781.0,1058.0,0.0,3369.0,1723412259,1723412261,na,label_image,5.45023696682464,7,2,4,False
5,3,1723412267,158035.0,0.0,154558.0,8141790.0,1058.0,0.0,3369.0,1723412270,1723412271,na,label_image,3.7478084978856407,0,3,4,False
5,3,1723412268,158040.0,0.0,154573.0,8142187.0,1058.0,0.0,3369.0,1723412270,1723412271,na,label_image,4.796163069544368,1,3,4,False
5,3,1723412269,158041.0,0.0,154590.0,8142588.0,1058.0,0.0,3369.0,1723412270,1723412271,na,label_image,4.2959427207637235,2,3,4,False
5,3,1723412270,158064.0,0.0,154612.0,8142954.0,1058.0,0.0,3370.0,1723412270,1723412271,na,label_image,11.165048543689316,3,3,4,True
5,3,1723412271,158157.0,0.0,154674.0,8143217.0,1058.0,0.0,3371.0,1723412270,1723412271,na,label_image,37.23150357995226,4,3,4,True
5,3,1723412272,158157.0,0.0,154685.0,8143617.0,1058.0,0.0,3371.0,1723412270,1723412271,na,label_image,2.676399026763987,5,3,4,False
5,3,1723412274,158160.0,0.0,154699.0,8144019.0,1059.0,0.0,3371.0,1723412270,1723412271,na,label_image,4.285714285714281,7,3,4,False
5,3,1723412275,158175.0,0.0,154713.0,8144404.0,1059.0,0.0,3371.0,1723412270,1723412271,na,label_image,7.0048309178743935,8,3,4,False
6,3,1723412278,158326.0,0.0,154804.0,8145381.0,1059.0,0.0,3372.0,1723412280,1723412282,na,label_image,3.752371220315587,0,2,4,False
6,3,1723412279,158332.0,0.0,154820.0,8145778.0,1059.0,0.0,3372.0,1723412280,1723412282,na,label_image,5.250596658711215,1,2,4,False
6,3,1723412280,158334.0,0.0,154831.0,8146179.0,1059.0,0.0,3372.0,1723412280,1723412282,na,label_image,3.1400966183574908,2,2,4,True
6,3,1723412281,158356.0,0.0,154864.0,8146542.0,1059.0,0.0,3372.0,1723412280,1723412282,na,label_image,13.157894736842103,3,2,4,True
6,3,1723412282,158462.0,0.0,154923.0,8146791.0,1059.0,0.0,3372.0,1723412280,1723412282,na,label_image,39.85507246376812,4,2,4,True
6,3,1723412283,158468.0,0.0,154943.0,8147186.0,1059.0,0.0,3372.0,1723412280,1723412282,na,label_image,6.175771971496435,5,2,4,False
6,3,1723412284,158470.0,0.0,154953.0,8147586.0,1060.0,0.0,3372.0,1723412280,1723412282,na,label_image,3.147699757869249,6,2,4,False
6,3,1723412285,158471.0,0.0,154964.0,8147988.0,1060.0,0.0,3372.0,1723412280,1723412282,na,label_image,2.898550724637683,7,2,4,False
7,3,1723412288,158621.0,0.0,155066.0,8149030.0,1060.0,0.0,3372.0,1723412291,1723412293,na,label_image,3.7570969874275217,0,3,5,False
7,3,1723412289,158623.0,0.0,155079.0,8149428.0,1060.0,0.0,3372.0,1723412291,1723412293,na,label_image,3.6319612590799077,1,3,5,False
7,3,1723412290,158625.0,0.0,155088.0,8149829.0,1060.0,0.0,3372.0,1723412291,1723412293,na,label_image,2.669902912621358,2,3,5,False
7,3,1723412291,158648.0,0.0,155116.0,8150191.0,1060.0,0.0,3372.0,1723412291,1723412293,na,label_image,12.348668280871667,3,3,5,True
7,3,1723412292,158750.0,0.0,155181.0,8150442.0,1060.0,0.0,3372.0,1723412291,1723412293,na,label_image,39.95215311004785,4,3,5,True
7,3,1723412293,158755.0,0.0,155193.0,8150837.0,1060.0,0.0,3372.0,1723412291,1723412293,na,label_image,4.126213592233007,5,3,5,True
7,3,1723412294,158755.0,0.0,155211.0,8151237.0,1060.0,0.0,3372.0,1723412291,1723412293,na,label_image,4.30622009569378,6,3,5,False
7,3,1723412296,158755.0,0.0,155223.0,8151639.0,1060.0,0.0,3373.0,1723412291,1723412293,na,label_image,3.1325301204819245,8,3,5,False
8,3,1723412299,158913.0,0.0,155323.0,8152654.0,1060.0,0.0,3374.0,1723412301,1723412303,na,label_image,3.7617496391355143,0,2,4,False
8,3,1723412300,158915.0,0.0,155345.0,8153051.0,1061.0,0.0,3374.0,1723412301,1723412303,na,label_image,5.924170616113744,1,2,4,False
8,3,1723412301,158928.0,0.0,155360.0,8153435.0,1062.0,0.0,3374.0,1723412301,1723412303,na,label_image,7.021791767554475,2,2,4,True
8,3,1723412302,158951.0,0.0,155391.0,8153801.0,1062.0,0.0,3375.0,1723412301,1723412303,na,label_image,13.064133016627078,3,2,4,True
8,3,1723412303,159057.0,0.0,155451.0,8154052.0,1062.0,0.0,3375.0,1723412301,1723412303,na,label_image,39.80815347721822,4,2,4,True
8,3,1723412304,159059.0,0.0,155466.0,8154455.0,1062.0,0.0,3375.0,1723412301,1723412303,na,label_image,4.047619047619044,5,2,4,False
8,3,1723412305,159061.0,0.0,155478.0,8154856.0,1062.0,0.0,3375.0,1723412301,1723412303,na,label_image,3.3734939759036187,6,2,4,False
8,3,1723412306,159061.0,0.0,155492.0,8155256.0,1062.0,0.0,3375.0,1723412301,1723412303,na,label_image,3.3816425120772986,7,2,4,False
9,3,1723412309,159197.0,0.0,155614.0,8156280.0,1062.0,0.0,3375.0,1723412312,1723412314,na,label_image,3.766703384143144,0,3,5,False
9,3,1723412310,159203.0,0.0,155620.0,8156679.0,1062.0,0.0,3375.0,1723412312,1723412314,na,label_image,2.9197080291970767,1,3,5,False
9,3,1723412311,159206.0,0.0,155635.0,8157080.0,1062.0,0.0,3375.0,1723412312,1723412314,na,label_image,4.2959427207637235,2,3,5,False
9,3,1723412312,159230.0,0.0,155666.0,8157440.0,1062.0,0.0,3375.0,1723412312,1723412314,na,label_image,13.253012048192769,3,3,5,True
9,3,1723412313,159324.0,0.0,155737.0,8157693.0,1062.0,0.0,3376.0,1723412312,1723412314,na,label_image,39.618138424821005,4,3,5,True
9,3,1723412314,159327.0,0.0,155754.0,8158091.0,1062.0,0.0,3376.0,1723412312,1723412314,na,label_image,4.784688995215314,5,3,5,True
9,3,1723412316,159329.0,0.0,155762.0,8158492.0,1062.0,0.0,3376.0,1723412312,1723412314,na,label_image,2.4330900243308973,7,3,5,False
9,3,1723412317,159331.0,0.0,155775.0,8158893.0,1063.0,0.0,3376.0,1723412312,1723412314,na,label_image,3.83693045563549,8,3,5,False
10,3,1723412320,159485.0,0.0,155876.0,8159961.0,1063.0,0.0,3376.0,1723412323,1723412324,na,label_image,3.77133270619302,0,3,4,False
10,3,1723412321,159486.0,0.0,155888.0,8160362.0,1063.0,0.0,3376.0,1723412323,1723412324,na,label_image,3.1400966183574908,1,3,4,False
10,3,1723412322,159487.0,0.0,155899.0,8160764.0,1063.0,0.0,3376.0,1723412323,1723412324,na,label_image,2.898550724637683,2,3,4,False
10,3,1723412323,159515.0,0.0,155929.0,8161123.0,1063.0,0.0,3376.0,1723412323,1723412324,na,label_image,13.90887290167866,3,3,4,True
10,3,1723412324,159613.0,0.0,155996.0,8161375.0,1063.0,0.0,3376.0,1723412323,1723412324,na,label_image,39.568345323741006,4,3,4,True
10,3,1723412325,159616.0,0.0,156012.0,8161774.0,1063.0,0.0,3376.0,1723412323,1723412324,na,label_image,4.545454545454541,5,3,4,False
10,3,1723412326,159620.0,0.0,156026.0,8162175.0,1063.0,0.0,3377.0,1723412323,1723412324,na,label_image,4.523809523809518,6,3,4,False
10,3,1723412327,159624.0,0.0,156037.0,8162574.0,1064.0,0.0,3377.0,1723412323,1723412324,na,label_image,3.855421686746985,7,3,4,False
11,3,1723412330,159779.0,0.0,156130.0,8163632.0,1064.0,0.0,3377.0,1723412333,1723412335,na,label_image,3.775939175731391,0,3,5,False
11,3,1723412332,159781.0,0.0,156142.0,8164036.0,1064.0,0.0,3377.0,1723412333,1723412335,na,label_image,3.349282296650713,2,3,5,False
11,3,1723412333,159783.0,0.0,156158.0,8164439.0,1064.0,0.0,3377.0,1723412333,1723412335,na,label_image,4.275534441805229,3,3,5,True
11,3,1723412334,159813.0,0.0,156188.0,8164797.0,1064.0,0.0,3377.0,1723412333,1723412335,na,label_image,14.35406698564593,4,3,5,True
11,3,1723412335,159913.0,0.0,156254.0,8165048.0,1064.0,0.0,3377.0,1723412333,1723412335,na,label_image,39.80815347721822,5,3,5,True
11,3,1723412336,159914.0,0.0,156268.0,8165448.0,1064.0,0.0,3377.0,1723412333,1723412335,na,label_image,3.6144578313253017,6,3,5,False
11,3,1723412337,159915.0,0.0,156283.0,8165850.0,1064.0,0.0,3377.0,1723412333,1723412335,na,label_image,3.8277511961722466,7,3,5,False
11,3,1723412338,159922.0,0.0,156297.0,8166245.0,1064.0,0.0,3377.0,1723412333,1723412335,na,label_image,5.048076923076927,8,3,5,False
12,3,1723412341,160068.0,0.0,156395.0,8167263.0,1065.0,0.0,3379.0,1723412344,1723412345,na,label_image,3.7806382294416796,0,3,4,False
12,3,1723412342,160069.0,0.0,156407.0,8167664.0,1065.0,0.0,3379.0,1723412344,1723412345,na,label_image,3.1400966183574908,1,3,4,False
12,3,1723412343,160070.0,0.0,156420.0,8168065.0,1065.0,0.0,3379.0,1723412344,1723412345,na,label_image,3.3734939759036187,2,3,4,False
12,3,1723412344,160098.0,0.0,156449.0,8168425.0,1065.0,0.0,3379.0,1723412344,1723412345,na,label_image,13.669064748201443,3,3,4,True
12,3,1723412345,160186.0,0.0,156505.0,8168697.0,1065.0,0.0,3380.0,1723412344,1723412345,na,label_image,34.772182254196636,4,3,4,True
12,3,1723412346,160189.0,0.0,156518.0,8169099.0,1065.0,0.0,3380.0,1723412344,1723412345,na,label_image,3.8277511961722466,5,3,4,False
12,3,1723412347,160190.0,0.0,156529.0,8169501.0,1065.0,0.0,3380.0,1723412344,1723412345,na,label_image,2.898550724637683,6,3,4,False
12,3,1723412348,160207.0,0.0,156550.0,8169883.0,1065.0,0.0,3380.0,1723412344,1723412345,na,label_image,9.04761904761905,7,3,4,False
13,3,1723412351,160343.0,0.0,156635.0,8170854.0,1065.0,0.0,3382.0,1723412354,1723412356,na,label_image,3.78490862111337,0,3,5,False
13,3,1723412352,160344.0,0.0,156649.0,8171251.0,1065.0,0.0,3382.0,1723412354,1723412356,na,label_image,3.6407766990291246,1,3,5,False
13,3,1723412353,160344.0,0.0,156666.0,8171654.0,1065.0,0.0,3382.0,1723412354,1723412356,na,label_image,4.047619047619044,2,3,5,False
13,3,1723412355,160366.0,0.0,156697.0,8172019.0,1065.0,0.0,3382.0,1723412354,1723412356,na,label_image,12.67942583732058,4,3,5,True
13,3,1723412356,160464.0,0.0,156753.0,8172283.0,1065.0,0.0,3382.0,1723412354,1723412356,na,label_image,36.8421052631579,5,3,5,True
13,3,1723412357,160465.0,0.0,156766.0,8172684.0,1065.0,0.0,3382.0,1723412354,1723412356,na,label_image,3.3734939759036187,6,3,5,False
13,3,1723412358,160466.0,0.0,156778.0,8173085.0,1066.0,0.0,3382.0,1723412354,1723412356,na,label_image,3.3734939759036187,7,3,5,False
13,3,1723412359,160480.0,0.0,156796.0,8173469.0,1066.0,0.0,3382.0,1723412354,1723412356,na,label_image,7.692307692307687,8,3,5,False
14,3,1723412362,160626.0,0.0,156897.0,8174488.0,1066.0,0.0,3382.0,1723412365,1723412366,na,label_image,3.7894727674199324,0,3,4,False
14,3,1723412363,160628.0,0.0,156911.0,8174891.0,1066.0,0.0,3382.0,1723412365,1723412366,na,label_image,3.8186157517899777,1,3,4,False
14,3,1723412364,160631.0,0.0,156921.0,8175293.0,1066.0,0.0,3382.0,1723412365,1723412366,na,label_image,3.1325301204819245,2,3,4,False
14,3,1723412365,160663.0,0.0,156955.0,8175645.0,1066.0,0.0,3382.0,1723412365,1723412366,na,label_image,15.789473684210531,3,3,4,True
14,3,1723412366,160758.0,0.0,157018.0,8175912.0,1066.0,0.0,3383.0,1723412365,1723412366,na,label_image,37.323943661971825,4,3,4,True
14,3,1723412367,160760.0,0.0,157028.0,8176310.0,1066.0,0.0,3383.0,1723412365,1723412366,na,label_image,2.9268292682926855,5,3,4,False
14,3,1723412368,160762.0,0.0,157038.0,8176711.0,1066.0,0.0,3383.0,1723412365,1723412366,na,label_image,2.9055690072639195,6,3,4,False
14,3,1723412369,160768.0,0.0,157054.0,8177109.0,1066.0,0.0,3383.0,1723412365,1723412366,na,label_image,5.238095238095242,7,3,4,False
15,3,1723412372,160914.0,0.0,157140.0,8178130.0,1067.0,0.0,3384.0,1723412375,1723412377,na,label_image,3.7938930444607943,0,3,5,False
15,3,1723412373,160917.0,0.0,157159.0,8178528.0,1067.0,0.0,3384.0,1723412375,1723412377,na,label_image,5.238095238095242,1,3,5,False
15,3,1723412374,160918.0,0.0,157172.0,8178930.0,1067.0,0.0,3384.0,1723412375,1723412377,na,label_image,3.3653846153846145,2,3,5,False
15,3,1723412376,160940.0,0.0,157206.0,8179291.0,1067.0,0.0,3386.0,1723412375,1723412377,na,label_image,13.842482100238662,4,3,5,True
15,3,1723412377,161045.0,0.0,157265.0,8179544.0,1067.0,0.0,3386.0,1723412375,1723412377,na,label_image,39.328537170263786,5,3,5,True
15,3,1723412378,161049.0,0.0,157286.0,8179937.0,1067.0,0.0,3386.0,1723412375,1723412377,na,label_image,5.980861244019142,6,3,5,False
15,3,1723412379,161050.0,0.0,157297.0,8180338.0,1067.0,0.0,3386.0,1723412375,1723412377,na,label_image,2.9055690072639195,7,3,5,False
15,3,1723412380,161051.0,0.0,157310.0,8180739.0,1067.0,0.0,3386.0,1723412375,1723412377,na,label_image,3.3734939759036187,8,3,5,False
16,3,1723412383,161211.0,0.0,157403.0,8181799.0,1067.0,0.0,3387.0,1723412386,1723412387,na,label_image,3.798624952042162,0,3,4,False
16,3,1723412384,161213.0,0.0,157418.0,8182200.0,1067.0,0.0,3387.0,1723412386,1723412387,na,label_image,4.066985645933019,1,3,4,False
16,3,1723412385,161217.0,0.0,157430.0,8182603.0,1067.0,0.0,3387.0,1723412386,1723412387,na,label_image,3.8186157517899777,2,3,4,False
16,3,1723412386,161249.0,0.0,157466.0,8182961.0,1067.0,0.0,3387.0,1723412386,1723412387,na,label_image,15.962441314553988,3,3,4,True
16,3,1723412387,161336.0,0.0,157517.0,8183235.0,1067.0,0.0,3387.0,1723412386,1723412387,na,label_image,33.495145631067956,4,3,4,True
16,3,1723412388,161338.0,0.0,157532.0,8183636.0,1068.0,0.0,3387.0,1723412386,1723412387,na,label_image,4.2959427207637235,5,3,4,False
16,3,1723412389,161338.0,0.0,157545.0,8184037.0,1068.0,0.0,3387.0,1723412386,1723412387,na,label_image,3.1400966183574908,6,3,4,False
16,3,1723412390,161355.0,0.0,157561.0,8184418.0,1068.0,0.0,3387.0,1723412386,1723412387,na,label_image,7.971014492753625,7,3,4,False
17,3,1723412393,161509.0,0.0,157643.0,8185396.0,1068.0,0.0,3387.0,1723412396,1723412398,na,label_image,3.803113008656833,0,3,5,False
17,3,1723412394,161511.0,0.0,157656.0,8185797.0,1068.0,0.0,3387.0,1723412396,1723412398,na,label_image,3.605769230769229,1,3,5,False
17,3,1723412395,161514.0,0.0,157670.0,8186199.0,1068.0,0.0,3387.0,1723412396,1723412398,na,label_image,4.057279236276845,2,3,5,False
17,3,1723412397,161549.0,0.0,157711.0,8186541.0,1068.0,0.0,3387.0,1723412396,1723412398,na,label_image,18.181818181818176,4,3,5,True
17,3,1723412398,161634.0,0.0,157764.0,8186814.0,1068.0,0.0,3387.0,1723412396,1723412398,na,label_image,33.57664233576643,5,3,5,True
17,3,1723412399,161637.0,0.0,157778.0,8187216.0,1069.0,0.0,3387.0,1723412396,1723412398,na,label_image,4.285714285714281,6,3,5,False
17,3,1723412400,161641.0,0.0,157787.0,8187618.0,1069.0,0.0,3387.0,1723412396,1723412398,na,label_image,3.1325301204819245,7,3,5,False
17,3,1723412401,161650.0,0.0,157801.0,8188008.0,1069.0,0.0,3387.0,1723412396,1723412398,na,label_image,5.56900726392252,8,3,5,False
18,3,1723412404,161794.0,0.0,157899.0,8188982.0,1069.0,0.0,3387.0,1723412406,1723412408,na,label_image,3.80763552211284,0,2,4,False
18,3,1723412405,161797.0,0.0,157909.0,8189380.0,1069.0,0.0,3387.0,1723412406,1723412408,na,label_image,3.1630170316301665,1,2,4,False
18,3,1723412406,161799.0,0.0,157923.0,8189782.0,1069.0,0.0,3387.0,1723412406,1723412408,na,label_image,3.8277511961722466,2,2,4,True
18,3,1723412407,161821.0,0.0,157951.0,8190144.0,1069.0,0.0,3387.0,1723412406,1723412408,na,label_image,12.135922330097081,3,2,4,True
18,3,1723412408,161924.0,0.0,158012.0,8190395.0,1069.0,0.0,3387.0,1723412406,1723412408,na,label_image,39.51807228915663,4,2,4,True
18,3,1723412409,161926.0,0.0,158027.0,8190791.0,1069.0,0.0,3387.0,1723412406,1723412408,na,label_image,4.1162227602905554,5,2,4,False
18,3,1723412410,161930.0,0.0,158040.0,8191191.0,1070.0,0.0,3387.0,1723412406,1723412408,na,label_image,4.30622009569378,6,2,4,False
18,3,1723412411,161930.0,0.0,158049.0,8191593.0,1070.0,0.0,3387.0,1723412406,1723412408,na,label_image,2.1897810218978075,7,2,4,False
19,3,1723412414,162095.0,0.0,158145.0,8192631.0,1070.0,0.0,3387.0,1723412417,1723412419,na,label_image,3.812193213646342,0,3,5,False
19,3,1723412415,162098.0,0.0,158161.0,8193028.0,1070.0,0.0,3387.0,1723412417,1723412419,na,label_image,4.567307692307687,1,3,5,False
19,3,1723412416,162101.0,0.0,158169.0,8193429.0,1070.0,0.0,3387.0,1723412417,1723412419,na,label_image,2.669902912621358,2,3,5,False
19,3,1723412417,162127.0,0.0,158198.0,8193793.0,1070.0,0.0,3387.0,1723412417,1723412419,na,label_image,13.126491646778039,3,3,5,True
19,3,1723412419,162230.0,0.0,158259.0,8194043.0,1070.0,0.0,3387.0,1723412417,1723412419,na,label_image,39.61352657004831,5,3,5,True
19,3,1723412420,162233.0,0.0,158275.0,8194443.0,1070.0,0.0,3387.0,1723412417,1723412419,na,label_image,4.534606205250602,6,3,5,False
19,3,1723412421,162235.0,0.0,158290.0,8194844.0,1070.0,0.0,3387.0,1723412417,1723412419,na,label_image,4.066985645933019,7,3,5,False
19,3,1723412422,162239.0,0.0,158300.0,8195245.0,1070.0,0.0,3387.0,1723412417,1723412419,na,label_image,3.3734939759036187,8,3,5,False
0,4,1723412426,162437.0,0.0,158419.0,8196603.0,1071.0,0.0,3391.0,1723412429,1723412430,na,label_image,3.8174256719817,0,3,4,False
0,4,1723412427,162439.0,0.0,158440.0,8197000.0,1071.0,0.0,3391.0,1723412429,1723412430,na,label_image,5.476190476190479,1,3,4,False
0,4,1723412428,162443.0,0.0,158447.0,8197401.0,1071.0,0.0,3391.0,1723412429,1723412430,na,label_image,2.669902912621358,2,3,4,False
0,4,1723412429,162470.0,0.0,158474.0,8197765.0,1071.0,0.0,3392.0,1723412429,1723412430,na,label_image,13.126491646778039,3,3,4,True
0,4,1723412430,162575.0,0.0,158527.0,8198028.0,1071.0,0.0,3393.0,1723412429,1723412430,na,label_image,37.67772511848341,4,3,4,True
0,4,1723412431,162576.0,0.0,158539.0,8198429.0,1072.0,0.0,3393.0,1723412429,1723412430,na,label_image,3.3734939759036187,5,3,4,False
0,4,1723412432,162579.0,0.0,158552.0,8198831.0,1072.0,0.0,3393.0,1723412429,1723412430,na,label_image,3.8277511961722466,6,3,4,False
0,4,1723412433,162598.0,0.0,158571.0,8199209.0,1072.0,0.0,3393.0,1723412429,1723412430,na,label_image,9.134615384615385,7,3,4,False
1,4,1723412436,162739.0,0.0,158654.0,8200159.0,1072.0,0.0,3395.0,1723412439,1723412440,na,label_image,3.821947851629226,0,3,4,False
1,4,1723412437,162744.0,0.0,158672.0,8200557.0,1072.0,0.0,3395.0,1723412439,1723412440,na,label_image,5.463182897862229,1,3,4,False
1,4,1723412438,162745.0,0.0,158684.0,8200958.0,1072.0,0.0,3395.0,1723412439,1723412440,na,label_image,3.1400966183574908,2,3,4,False
1,4,1723412439,162765.0,0.0,158719.0,8201320.0,1072.0,0.0,3395.0,1723412439,1723412440,na,label_image,13.189448441246999,3,3,4,True
1,4,1723412440,162878.0,0.0,158779.0,8201562.0,1072.0,0.0,3395.0,1723412439,1723412440,na,label_image,41.68674698795181,4,3,4,True
1,4,1723412441,162878.0,0.0,158793.0,8201957.0,1073.0,0.0,3395.0,1723412439,1723412440,na,label_image,3.658536585365857,5,3,4,False
1,4,1723412442,162880.0,0.0,158807.0,8202360.0,1073.0,0.0,3395.0,1723412439,1723412440,na,label_image,3.8186157517899777,6,3,4,False
1,4,1723412443,162881.0,0.0,158817.0,8202762.0,1073.0,0.0,3395.0,1723412439,1723412440,na,label_image,2.66343825665859,7,3,4,False
2,4,1723412447,163035.0,0.0,158922.0,8203799.0,1073.0,0.0,3398.0,1723412449,1723412451,na,label_image,3.826721141184164,0,2,4,False
2,4,1723412448,163036.0,0.0,158935.0,8204202.0,1073.0,0.0,3398.0,1723412449,1723412451,na,label_image,3.3573141486810565,1,2,4,False
2,4,1723412449,163036.0,0.0,158946.0,8204605.0,1073.0,0.0,3398.0,1723412449,1723412451,na,label_image,2.657004830917875,2,2,4,True
2,4,1723412450,163064.0,0.0,158976.0,8204965.0,1073.0,0.0,3398.0,1723412449,1723412451,na,label_image,13.875598086124397,3,2,4,True
2,4,1723412451,163171.0,0.0,159040.0,8205212.0,1073.0,0.0,3398.0,1723412449,1723412451,na,label_image,40.90909090909091,4,2,4,True
2,4,1723412452,163173.0,0.0,159054.0,8205613.0,1074.0,0.0,3398.0,1723412449,1723412451,na,label_image,4.066985645933019,5,2,4,False
2,4,1723412453,163175.0,0.0,159070.0,8206016.0,1074.0,0.0,3398.0,1723412449,1723412451,na,label_image,4.275534441805229,6,2,4,False
2,4,1723412454,163185.0,0.0,159084.0,8206414.0,1074.0,0.0,3398.0,1723412449,1723412451,na,label_image,5.687203791469198,7,2,4,False
3,4,1723412457,163330.0,0.0,159182.0,8207442.0,1074.0,0.0,3399.0,1723412460,1723412461,na,label_image,3.8313644255203116,0,3,4,False
3,4,1723412458,163332.0,0.0,159193.0,8207843.0,1074.0,0.0,3399.0,1723412460,1723412461,na,label_image,3.1400966183574908,1,3,4,False
3,4,1723412459,163333.0,0.0,159206.0,8208244.0,1074.0,0.0,3399.0,1723412460,1723412461,na,label_image,3.3734939759036187,2,3,4,False
3,4,1723412460,163360.0,0.0,159238.0,8208603.0,1074.0,0.0,3401.0,1723412460,1723412461,na,label_image,14.523809523809527,3,3,4,True
3,4,1723412461,163454.0,0.0,159283.0,8208878.0,1074.0,0.0,3401.0,1723412460,1723412461,na,label_image,33.574879227053145,4,3,4,True
3,4,1723412463,163456.0,0.0,159297.0,8209280.0,1074.0,0.0,3401.0,1723412460,1723412461,na,label_image,3.8277511961722466,6,3,4,False
3,4,1723412464,163456.0,0.0,159310.0,8209682.0,1074.0,0.0,3401.0,1723412460,1723412461,na,label_image,3.1325301204819245,7,3,4,False
3,4,1723412465,163478.0,0.0,159328.0,8210061.0,1074.0,0.0,3401.0,1723412460,1723412461,na,label_image,9.54653937947494,8,3,4,False
4,4,1723412468,163615.0,0.0,159427.0,8210997.0,1074.0,0.0,3403.0,1723412470,1723412472,na,label_image,3.835783642028656,0,2,4,False
4,4,1723412469,163617.0,0.0,159439.0,8211394.0,1075.0,0.0,3404.0,1723412470,1723412472,na,label_image,3.874092009685226,1,2,4,False
4,4,1723412470,163618.0,0.0,159454.0,8211797.0,1075.0,0.0,3404.0,1723412470,1723412472,na,label_image,3.8186157517899777,2,2,4,True
4,4,1723412471,163643.0,0.0,159481.0,8212160.0,1075.0,0.0,3404.0,1723412470,1723412472,na,label_image,12.530120481927709,3,2,4,True
4,4,1723412472,163750.0,0.0,159545.0,8212399.0,1075.0,0.0,3404.0,1723412470,1723412472,na,label_image,41.707317073170735,4,2,4,True
4,4,1723412473,163753.0,0.0,159557.0,8212797.0,1075.0,0.0,3404.0,1723412470,1723412472,na,label_image,3.6319612590799077,5,2,4,False
4,4,1723412474,163755.0,0.0,159568.0,8213197.0,1076.0,0.0,3404.0,1723412470,1723412472,na,label_image,3.3816425120772986,6,2,4,False
4,4,1723412475,163757.0,0.0,159584.0,8213598.0,1076.0,0.0,3404.0,1723412470,1723412472,na,label_image,4.2959427207637235,7,2,4,False
5,4,1723412478,163905.0,0.0,159685.0,8214590.0,1076.0,0.0,3406.0,1723412481,1723412482,na,label_image,3.840395417728104,0,3,4,False
5,4,1723412479,163906.0,0.0,159699.0,8214988.0,1076.0,0.0,3406.0,1723412481,1723412482,na,label_image,3.6319612590799077,1,3,4,False
5,4,1723412480,163907.0,0.0,159716.0,8215389.0,1076.0,0.0,3406.0,1723412481,1723412482,na,label_image,4.2959427207637235,2,3,4,False
5,4,1723412481,163933.0,0.0,159741.0,8215753.0,1076.0,0.0,3406.0,1723412481,1723412482,na,label_image,12.289156626506026,3,3,4,True
5,4,1723412482,164038.0,0.0,159787.0,8216016.0,1076.0,0.0,3406.0,1723412481,1723412482,na,label_image,36.47342995169082,4,3,4,True
5,4,1723412483,164039.0,0.0,159801.0,8216418.0,1076.0,0.0,3406.0,1723412481,1723412482,na,label_image,3.597122302158273,5,3,4,False
5,4,1723412484,164041.0,0.0,159813.0,8216819.0,1076.0,0.0,3406.0,1723412481,1723412482,na,label_image,3.3734939759036187,6,3,4,False
5,4,1723412485,164057.0,0.0,159832.0,8217197.0,1076.0,0.0,3406.0,1723412481,1723412482,na,label_image,8.47457627118644,7,3,4,False
6,4,1723412488,164195.0,0.0,159940.0,8218172.0,1076.0,0.0,3408.0,1723412491,1723412492,na,label_image,3.844940165262023,0,3,4,False
6,4,1723412489,164198.0,0.0,159948.0,8218571.0,1077.0,0.0,3408.0,1723412491,1723412492,na,label_image,2.9197080291970767,1,3,4,False
6,4,1723412490,164202.0,0.0,159961.0,8218973.0,1077.0,0.0,3408.0,1723412491,1723412492,na,label_image,4.057279236276845,2,3,4,False
6,4,1723412491,164248.0,0.0,160003.0,8219319.0,1077.0,0.0,3408.0,1723412491,1723412492,na,label_image,20.276497695852534,3,3,4,True
6,4,1723412493,164334.0,0.0,160047.0,8219599.0,1077.0,0.0,3408.0,1723412491,1723412492,na,label_image,31.707317073170728,5,3,4,False
6,4,1723412494,164335.0,0.0,160063.0,8220001.0,1077.0,0.0,3408.0,1723412491,1723412492,na,label_image,4.057279236276845,6,3,4,False
6,4,1723412495,164335.0,0.0,160072.0,8220403.0,1077.0,0.0,3408.0,1723412491,1723412492,na,label_image,2.1897810218978075,7,3,4,False
6,4,1723412496,164352.0,0.0,160094.0,8220783.0,1077.0,0.0,3408.0,1723412491,1723412492,na,label_image,9.307875894988072,8,3,4,False
7,4,1723412499,164490.0,0.0,160190.0,8221775.0,1077.0,0.0,3409.0,1723412501,1723412503,na,label_image,3.8494710699091494,0,2,4,False
7,4,1723412500,164493.0,0.0,160202.0,8222173.0,1078.0,0.0,3409.0,1723412501,1723412503,na,label_image,3.864734299516903,1,2,4,False
7,4,1723412501,164495.0,0.0,160212.0,8222573.0,1078.0,0.0,3409.0,1723412501,1723412503,na,label_image,2.9126213592232997,2,2,4,True
7,4,1723412502,164522.0,0.0,160246.0,8222935.0,1078.0,0.0,3409.0,1723412501,1723412503,na,label_image,14.420803782505908,3,2,4,True
7,4,1723412503,164617.0,0.0,160302.0,8223209.0,1078.0,0.0,3409.0,1723412501,1723412503,na,label_image,35.529411764705884,4,2,4,True
7,4,1723412504,164620.0,0.0,160314.0,8223613.0,1078.0,0.0,3409.0,1723412501,1723412503,na,label_image,3.5799522673030992,5,2,4,False
7,4,1723412505,164624.0,0.0,160325.0,8224017.0,1078.0,0.0,3409.0,1723412501,1723412503,na,label_image,3.5799522673030992,6,2,4,False
7,4,1723412506,164642.0,0.0,160344.0,8224397.0,1079.0,0.0,3409.0,1723412501,1723412503,na,label_image,9.090909090909093,7,2,4,False
8,4,1723412509,164775.0,0.0,160438.0,8225350.0,1079.0,0.0,3411.0,1723412512,1723412513,na,label_image,3.8538978075296604,0,3,4,False
8,4,1723412510,164777.0,0.0,160454.0,8225747.0,1079.0,0.0,3411.0,1723412512,1723412513,na,label_image,4.337349397590362,1,3,4,False
8,4,1723412511,164780.0,0.0,160463.0,8226148.0,1079.0,0.0,3411.0,1723412512,1723412513,na,label_image,2.9055690072639195,2,3,4,False
8,4,1723412512,164810.0,0.0,160482.0,8226511.0,1079.0,0.0,3411.0,1723412512,1723412513,na,label_image,11.89320388349514,3,3,4,True
8,4,1723412513,164914.0,0.0,160541.0,8226760.0,1079.0,0.0,3412.0,1723412512,1723412513,na,label_image,39.709443099273614,4,3,4,True
8,4,1723412514,164915.0,0.0,160554.0,8227162.0,1079.0,0.0,3412.0,1723412512,1723412513,na,label_image,3.3653846153846145,5,3,4,False
8,4,1723412515,164918.0,0.0,160563.0,8227564.0,1079.0,0.0,3412.0,1723412512,1723412513,na,label_image,2.898550724637683,6,3,4,False
8,4,1723412516,164929.0,0.0,160582.0,8227953.0,1080.0,0.0,3412.0,1723412512,1723412513,na,label_image,7.380952380952377,7,3,4,False
9,4,1723412520,165090.0,0.0,160671.0,8228956.0,1080.0,0.0,3413.0,1723412522,1723412524,na,label_image,3.8584635731568673,0,2,4,False
9,4,1723412521,165091.0,0.0,160681.0,8229359.0,1080.0,0.0,3413.0,1723412522,1723412524,na,label_image,2.657004830917875,1,2,4,False
9,4,1723412522,165092.0,0.0,160698.0,8229763.0,1081.0,0.0,3413.0,1723412522,1723412524,na,label_image,4.491725768321508,2,2,4,True
9,4,1723412523,165120.0,0.0,160725.0,8230122.0,1081.0,0.0,3413.0,1723412522,1723412524,na,label_image,13.285024154589376,3,2,4,True
9,4,1723412524,165222.0,0.0,160796.0,8230375.0,1081.0,0.0,3413.0,1723412522,1723412524,na,label_image,40.61032863849765,4,2,4,True
9,4,1723412525,165223.0,0.0,160808.0,8230777.0,1081.0,0.0,3413.0,1723412522,1723412524,na,label_image,3.1325301204819245,5,2,4,False
9,4,1723412526,165223.0,0.0,160825.0,8231178.0,1081.0,0.0,3413.0,1723412522,1723412524,na,label_image,4.066985645933019,6,2,4,False
9,4,1723412527,165234.0,0.0,160834.0,8231573.0,1081.0,0.0,3413.0,1723412522,1723412524,na,label_image,4.81927710843374,7,2,4,False
10,4,1723412530,165385.0,0.0,160933.0,8232583.0,1081.0,0.0,3413.0,1723412533,1723412534,na,label_image,3.863094018201896,0,3,4,False
10,4,1723412531,165389.0,0.0,160942.0,8232985.0,1081.0,0.0,3413.0,1723412533,1723412534,na,label_image,3.1325301204819245,1,3,4,False
10,4,1723412532,165390.0,0.0,160959.0,8233387.0,1081.0,0.0,3413.0,1723412533,1723412534,na,label_image,4.285714285714281,2,3,4,False
10,4,1723412533,165417.0,0.0,160992.0,8233743.0,1081.0,0.0,3413.0,1723412533,1723412534,na,label_image,14.423076923076927,3,3,4,True
10,4,1723412534,165520.0,0.0,161051.0,8233997.0,1081.0,0.0,3413.0,1723412533,1723412534,na,label_image,38.942307692307686,4,3,4,True
10,4,1723412535,165521.0,0.0,161063.0,8234398.0,1081.0,0.0,3413.0,1723412533,1723412534,na,label_image,3.1400966183574908,5,3,4,False
10,4,1723412536,165521.0,0.0,161076.0,8234797.0,1082.0,0.0,3413.0,1723412533,1723412534,na,label_image,3.3898305084745783,6,3,4,False
10,4,1723412537,165528.0,0.0,161095.0,8235189.0,1082.0,0.0,3413.0,1723412533,1723412534,na,label_image,6.2200956937799035,7,3,4,False
11,4,1723412540,165678.0,0.0,161181.0,8236170.0,1082.0,0.0,3414.0,1723412543,1723412545,na,label_image,3.8675696890292155,0,3,5,False
11,4,1723412542,165682.0,0.0,161199.0,8236567.0,1082.0,0.0,3414.0,1723412543,1723412545,na,label_image,5.250596658711215,2,3,5,False
11,4,1723412543,165682.0,0.0,161212.0,8236968.0,1082.0,0.0,3414.0,1723412543,1723412545,na,label_image,3.1400966183574908,3,3,5,True
11,4,1723412544,165707.0,0.0,161238.0,8237333.0,1082.0,0.0,3415.0,1723412543,1723412545,na,label_image,12.470023980815348,4,3,5,True
11,4,1723412545,165808.0,0.0,161291.0,8237594.0,1082.0,0.0,3415.0,1723412543,1723412545,na,label_image,37.10843373493976,5,3,5,True
11,4,1723412546,165809.0,0.0,161307.0,8237996.0,1082.0,0.0,3415.0,1723412543,1723412545,na,label_image,4.057279236276845,6,3,5,False
11,4,1723412547,165811.0,0.0,161319.0,8238397.0,1082.0,0.0,3415.0,1723412543,1723412545,na,label_image,3.3734939759036187,7,3,5,False
11,4,1723412548,165834.0,0.0,161334.0,8238773.0,1082.0,0.0,3415.0,1723412543,1723412545,na,label_image,9.178743961352653,8,3,5,False
12,4,1723412551,165967.0,0.0,161426.0,8239679.0,1082.0,0.0,3421.0,1723412553,1723412555,na,label_image,3.8720538524133596,0,2,4,False
12,4,1723412552,165970.0,0.0,161442.0,8240076.0,1082.0,0.0,3421.0,1723412553,1723412555,na,label_image,4.567307692307687,1,2,4,False
12,4,1723412553,165973.0,0.0,161451.0,8240478.0,1082.0,0.0,3421.0,1723412553,1723412555,na,label_image,2.898550724637683,2,2,4,True
12,4,1723412554,165997.0,0.0,161481.0,8240842.0,1083.0,0.0,3422.0,1723412553,1723412555,na,label_image,13.33333333333333,3,2,4,True
12,4,1723412555,166104.0,0.0,161539.0,8241089.0,1083.0,0.0,3423.0,1723412553,1723412555,na,label_image,40.19370460048426,4,2,4,True
12,4,1723412556,166107.0,0.0,161552.0,8241491.0,1083.0,0.0,3423.0,1723412553,1723412555,na,label_image,3.8277511961722466,5,2,4,False
12,4,1723412557,166108.0,0.0,161564.0,8241892.0,1083.0,0.0,3423.0,1723412553,1723412555,na,label_image,3.1400966183574908,6,2,4,False
12,4,1723412558,166112.0,0.0,161575.0,8242291.0,1083.0,0.0,3423.0,1723412553,1723412555,na,label_image,3.6231884057971064,7,2,4,False
13,4,1723412561,166257.0,0.0,161683.0,8243315.0,1083.0,0.0,3428.0,1723412564,1723412565,na,label_image,3.876633294331955,0,3,4,False
13,4,1723412562,166257.0,0.0,161695.0,8243717.0,1083.0,0.0,3428.0,1723412564,1723412565,na,label_image,2.898550724637683,1,3,4,False
13,4,1723412563,166262.0,0.0,161705.0,8244117.0,1084.0,0.0,3428.0,1723412564,1723412565,na,label_image,3.8461538461538436,2,3,4,False
13,4,1723412564,166288.0,0.0,161737.0,8244476.0,1084.0,0.0,3428.0,1723412564,1723412565,na,label_image,13.90887290167866,3,3,4,True
13,4,1723412565,166391.0,0.0,161800.0,8244721.0,1084.0,0.0,3429.0,1723412564,1723412565,na,label_image,40.53398058252428,4,3,4,True
13,4,1723412566,166395.0,0.0,161814.0,8245123.0,1084.0,0.0,3429.0,1723412564,1723412565,na,label_image,4.285714285714281,5,3,4,False
13,4,1723412567,166397.0,0.0,161824.0,8245525.0,1084.0,0.0,3429.0,1723412564,1723412565,na,label_image,2.898550724637683,6,3,4,False
13,4,1723412568,166407.0,0.0,161842.0,8245919.0,1084.0,0.0,3429.0,1723412564,1723412565,na,label_image,6.635071090047395,7,3,4,False
14,4,1723412572,166554.0,0.0,161920.0,8246892.0,1084.0,0.0,3430.0,1723412574,1723412576,na,label_image,3.881033301165049,0,2,4,False
14,4,1723412573,166558.0,0.0,161935.0,8247289.0,1084.0,0.0,3430.0,1723412574,1723412576,na,label_image,4.567307692307687,1,2,4,False
14,4,1723412574,166558.0,0.0,161952.0,8247691.0,1084.0,0.0,3430.0,1723412574,1723412576,na,label_image,4.057279236276845,2,2,4,True
14,4,1723412575,166581.0,0.0,161982.0,8248053.0,1084.0,0.0,3430.0,1723412574,1723412576,na,label_image,12.771084337349393,3,2,4,True
14,4,1723412576,166694.0,0.0,162040.0,8248294.0,1084.0,0.0,3430.0,1723412574,1723412576,na,label_image,41.504854368932044,4,2,4,True
14,4,1723412577,166697.0,0.0,162050.0,8248694.0,1084.0,0.0,3430.0,1723412574,1723412576,na,label_image,3.147699757869249,5,2,4,False
14,4,1723412578,166700.0,0.0,162065.0,8249095.0,1084.0,0.0,3430.0,1723412574,1723412576,na,label_image,4.2959427207637235,6,2,4,False
14,4,1723412579,166701.0,0.0,162073.0,8249497.0,1084.0,0.0,3430.0,1723412574,1723412576,na,label_image,2.1897810218978075,7,2,4,False
15,4,1723412582,166854.0,0.0,162177.0,8250493.0,1084.0,0.0,3431.0,1723412585,1723412586,na,label_image,3.8856533620129197,0,3,4,False
15,4,1723412583,166857.0,0.0,162188.0,8250893.0,1084.0,0.0,3432.0,1723412585,1723412586,na,label_image,3.6144578313253017,1,3,4,False
15,4,1723412584,166859.0,0.0,162205.0,8251294.0,1084.0,0.0,3432.0,1723412585,1723412586,na,label_image,4.523809523809518,2,3,4,False
15,4,1723412585,166884.0,0.0,162233.0,8251658.0,1085.0,0.0,3433.0,1723412585,1723412586,na,label_image,13.126491646778039,3,3,4,True
15,4,1723412586,166994.0,0.0,162277.0,8251932.0,1085.0,0.0,3433.0,1723412585,1723412586,na,label_image,35.981308411214954,4,3,4,True
15,4,1723412587,166998.0,0.0,162284.0,8252333.0,1085.0,0.0,3433.0,1723412585,1723412586,na,label_image,2.669902912621358,5,3,4,False
15,4,1723412588,167001.0,0.0,162296.0,8252733.0,1085.0,0.0,3433.0,1723412585,1723412586,na,label_image,3.6144578313253017,6,3,4,False
15,4,1723412589,167021.0,0.0,162314.0,8253107.0,1085.0,0.0,3433.0,1723412585,1723412586,na,label_image,9.223300970873783,7,3,4,False
16,4,1723412592,167166.0,0.0,162405.0,8254049.0,1085.0,0.0,3433.0,1723412595,1723412596,na,label_image,3.890121467540464,0,3,4,False
16,4,1723412593,167170.0,0.0,162415.0,8254449.0,1085.0,0.0,3433.0,1723412595,1723412596,na,label_image,3.3816425120772986,1,3,4,False
16,4,1723412594,167173.0,0.0,162429.0,8254851.0,1085.0,0.0,3433.0,1723412595,1723412596,na,label_image,4.057279236276845,2,3,4,False
16,4,1723412595,167208.0,0.0,162460.0,8255211.0,1085.0,0.0,3434.0,1723412595,1723412596,na,label_image,15.690866510538637,3,3,4,True
16,4,1723412597,167299.0,0.0,162507.0,8255494.0,1085.0,0.0,3434.0,1723412595,1723412596,na,label_image,32.779097387173394,5,3,4,False
16,4,1723412598,167303.0,0.0,162515.0,8255896.0,1085.0,0.0,3434.0,1723412595,1723412596,na,label_image,2.898550724637683,6,3,4,False
16,4,1723412599,167304.0,0.0,162533.0,8256298.0,1085.0,0.0,3434.0,1723412595,1723412596,na,label_image,4.513064133016631,7,3,4,False
16,4,1723412600,167321.0,0.0,162554.0,8256675.0,1085.0,0.0,3434.0,1723412595,1723412596,na,label_image,9.156626506024102,8,3,4,False
17,4,1723412603,167466.0,0.0,162654.0,8257590.0,1086.0,0.0,3434.0,1723412605,1723412607,na,label_image,3.8946815902274445,0,2,4,False
17,4,1723412604,167470.0,0.0,162669.0,8257987.0,1086.0,0.0,3434.0,1723412605,1723412607,na,label_image,4.567307692307687,1,2,4,False
17,4,1723412605,167473.0,0.0,162677.0,8258389.0,1086.0,0.0,3434.0,1723412605,1723412607,na,label_image,2.66343825665859,2,2,4,True
17,4,1723412606,167496.0,0.0,162708.0,8258753.0,1086.0,0.0,3434.0,1723412605,1723412607,na,label_image,12.918660287081341,3,2,4,True
17,4,1723412607,167605.0,0.0,162771.0,8258997.0,1087.0,0.0,3434.0,1723412605,1723412607,na,label_image,41.48681055155875,4,2,4,True
17,4,1723412608,167605.0,0.0,162780.0,8259397.0,1087.0,0.0,3434.0,1723412605,1723412607,na,label_image,2.200488997555017,5,2,4,False
17,4,1723412609,167609.0,0.0,162794.0,8259799.0,1087.0,0.0,3434.0,1723412605,1723412607,na,label_image,4.285714285714281,6,2,4,False
17,4,1723412610,167617.0,0.0,162810.0,8260192.0,1087.0,0.0,3434.0,1723412605,1723412607,na,label_image,5.755395683453235,7,2,4,False
18,4,1723412613,167772.0,0.0,162904.0,8261188.0,1087.0,0.0,3438.0,1723412616,1723412617,na,label_image,3.899323308891678,0,3,4,False
18,4,1723412614,167773.0,0.0,162919.0,8261592.0,1087.0,0.0,3439.0,1723412616,1723412617,na,label_image,4.038004750593826,1,3,4,False
18,4,1723412615,167774.0,0.0,162934.0,8261994.0,1087.0,0.0,3439.0,1723412616,1723412617,na,label_image,3.8277511961722466,2,3,4,False
18,4,1723412616,167799.0,0.0,162969.0,8262355.0,1087.0,0.0,3439.0,1723412616,1723412617,na,label_image,14.251781472684089,3,3,4,True
18,4,1723412617,167903.0,0.0,163037.0,8262609.0,1087.0,0.0,3439.0,1723412616,1723412617,na,label_image,40.375586854460096,4,3,4,True
18,4,1723412618,167906.0,0.0,163044.0,8263012.0,1087.0,0.0,3439.0,1723412616,1723412617,na,label_image,2.421307506053272,5,3,4,False
18,4,1723412619,167907.0,0.0,163053.0,8263416.0,1087.0,0.0,3439.0,1723412616,1723412617,na,label_image,2.4154589371980673,6,3,4,False
18,4,1723412620,167914.0,0.0,163065.0,8263814.0,1087.0,0.0,3439.0,1723412616,1723412617,na,label_image,4.556354916067152,7,3,4,False
19,4,1723412623,168064.0,0.0,163159.0,8264816.0,1088.0,0.0,3441.0,1723412626,1723412628,na,label_image,3.9038351885596345,0,3,5,False
19,4,1723412625,168066.0,0.0,163173.0,8265218.0,1088.0,0.0,3441.0,1723412626,1723412628,na,label_image,3.8277511961722466,2,3,5,False
19,4,1723412626,168067.0,0.0,163185.0,8265620.0,1088.0,0.0,3441.0,1723412626,1723412628,na,label_image,3.1325301204819245,3,3,5,True
19,4,1723412627,168090.0,0.0,163213.0,8265980.0,1088.0,0.0,3441.0,1723412626,1723412628,na,label_image,12.408759124087588,4,3,5,True
19,4,1723412628,168201.0,0.0,163279.0,8266221.0,1088.0,0.0,3441.0,1723412626,1723412628,na,label_image,42.344497607655505,5,3,5,True
19,4,1723412629,168201.0,0.0,163290.0,8266622.0,1088.0,0.0,3441.0,1723412626,1723412628,na,label_image,2.669902912621358,6,3,5,False
19,4,1723412630,168202.0,0.0,163304.0,8267023.0,1088.0,0.0,3441.0,1723412626,1723412628,na,label_image,3.605769230769229,7,3,5,False
19,4,1723412631,168202.0,0.0,163315.0,8267424.0,1088.0,0.0,3441.0,1723412626,1723412628,na,label_image,2.669902912621358,8,3,5,False
0,2,1723412004,150697.0,0.0,148307.0,8050539.0,1034.0,0.0,3315.0,1723412006,1723412008,na,label_image,3.631277493173246,0,2,4,False
0,2,1723412005,150705.0,0.0,148319.0,8050935.0,1034.0,0.0,3320.0,1723412006,1723412008,na,label_image,5.938242280285033,1,2,4,False
0,2,1723412006,150707.0,0.0,148330.0,8051336.0,1034.0,0.0,3325.0,1723412006,1723412008,na,label_image,4.2959427207637235,2,2,4,True
0,2,1723412007,150729.0,0.0,148363.0,8051699.0,1034.0,0.0,3330.0,1723412006,1723412008,na,label_image,14.184397163120565,3,2,4,True
0,2,1723412008,150827.0,0.0,148416.0,8051967.0,1034.0,0.0,3332.0,1723412006,1723412008,na,label_image,36.342042755344416,4,2,4,True
0,2,1723412009,150830.0,0.0,148429.0,8052368.0,1034.0,0.0,3333.0,1723412006,1723412008,na,label_image,4.066985645933019,5,2,4,False
0,2,1723412010,150832.0,0.0,148445.0,8052769.0,1034.0,0.0,3333.0,1723412006,1723412008,na,label_image,4.2959427207637235,6,2,4,False
0,2,1723412011,150843.0,0.0,148463.0,8053162.0,1034.0,0.0,3333.0,1723412006,1723412008,na,label_image,6.872037914691942,7,2,4,False
1,2,1723412014,150987.0,0.0,148565.0,8054108.0,1036.0,0.0,3334.0,1723412016,1723412018,na,label_image,3.636287498369828,0,2,4,False
1,2,1723412015,150991.0,0.0,148589.0,8054504.0,1036.0,0.0,3335.0,1723412016,1723412018,na,label_image,6.8235294117647065,1,2,4,False
1,2,1723412016,150994.0,0.0,148606.0,8054905.0,1036.0,0.0,3335.0,1723412016,1723412018,na,label_image,4.750593824228034,2,2,4,True
1,2,1723412017,151021.0,0.0,148633.0,8055269.0,1036.0,0.0,3335.0,1723412016,1723412018,na,label_image,12.918660287081341,3,2,4,True
1,2,1723412018,151121.0,0.0,148689.0,8055530.0,1036.0,0.0,3337.0,1723412016,1723412018,na,label_image,37.70883054892601,4,2,4,True
1,2,1723412019,151123.0,0.0,148698.0,8055931.0,1036.0,0.0,3337.0,1723412016,1723412018,na,label_image,2.669902912621358,5,2,4,False
1,2,1723412020,151124.0,0.0,148708.0,8056332.0,1036.0,0.0,3337.0,1723412016,1723412018,na,label_image,2.669902912621358,6,2,4,False
1,2,1723412021,151129.0,0.0,148720.0,8056732.0,1036.0,0.0,3338.0,1723412016,1723412018,na,label_image,4.30622009569378,7,2,4,False
2,2,1723412024,151282.0,0.0,148836.0,8057741.0,1036.0,0.0,3339.0,1723412027,1723412029,na,label_image,3.6412877228740537,0,3,5,False
2,2,1723412025,151285.0,0.0,148847.0,8058141.0,1036.0,0.0,3339.0,1723412027,1723412029,na,label_image,3.3816425120772986,1,3,5,False
2,2,1723412026,151286.0,0.0,148858.0,8058543.0,1036.0,0.0,3339.0,1723412027,1723412029,na,label_image,2.898550724637683,2,3,5,False
2,2,1723412027,151315.0,0.0,148894.0,8058898.0,1036.0,0.0,3340.0,1723412027,1723412029,na,label_image,15.676959619952491,3,3,5,True
2,2,1723412029,151424.0,0.0,148940.0,8059159.0,1036.0,0.0,3340.0,1723412027,1723412029,na,label_image,37.25961538461539,5,3,5,True
2,2,1723412030,151425.0,0.0,148958.0,8059557.0,1037.0,0.0,3340.0,1723412027,1723412029,na,label_image,4.784688995215314,6,3,5,False
2,2,1723412031,151428.0,0.0,148966.0,8059959.0,1037.0,0.0,3340.0,1723412027,1723412029,na,label_image,2.66343825665859,7,3,5,False
2,2,1723412032,151429.0,0.0,148985.0,8060360.0,1037.0,0.0,3340.0,1723412027,1723412029,na,label_image,4.750593824228034,8,3,5,False
3,2,1723412035,151587.0,0.0,149087.0,8061382.0,1038.0,0.0,3341.0,1723412038,1723412039,na,label_image,3.6461527520383563,0,3,4,False
3,2,1723412036,151589.0,0.0,149096.0,8061785.0,1038.0,0.0,3341.0,1723412038,1723412039,na,label_image,2.657004830917875,1,3,4,False
3,2,1723412037,151592.0,0.0,149109.0,8062187.0,1038.0,0.0,3341.0,1723412038,1723412039,na,label_image,3.8277511961722466,2,3,4,False
3,2,1723412038,151623.0,0.0,149140.0,8062544.0,1038.0,0.0,3342.0,1723412038,1723412039,na,label_image,15.000000000000002,3,3,4,True
3,2,1723412039,151721.0,0.0,149205.0,8062806.0,1038.0,0.0,3342.0,1723412038,1723412039,na,label_image,38.35294117647059,4,3,4,True
3,2,1723412040,151723.0,0.0,149218.0,8063208.0,1039.0,0.0,3342.0,1723412038,1723412039,na,label_image,3.8277511961722466,5,3,4,False
3,2,1723412041,151726.0,0.0,149226.0,8063612.0,1039.0,0.0,3342.0,1723412038,1723412039,na,label_image,2.6506024096385583,6,3,4,False
3,2,1723412042,151729.0,0.0,149242.0,8064013.0,1039.0,0.0,3342.0,1723412038,1723412039,na,label_image,4.523809523809518,7,3,4,False
4,2,1723412045,151876.0,0.0,149340.0,8065021.0,1039.0,0.0,3342.0,1723412048,1723412050,na,label_image,3.6508296042179866,0,3,5,False
4,2,1723412046,151878.0,0.0,149355.0,8065423.0,1039.0,0.0,3342.0,1723412048,1723412050,na,label_image,4.057279236276845,1,3,5,False
4,2,1723412048,151879.0,0.0,149365.0,8065824.0,1039.0,0.0,3342.0,1723412048,1723412050,na,label_image,2.669902912621358,3,3,5,True
4,2,1723412049,151904.0,0.0,149393.0,8066184.0,1039.0,0.0,3342.0,1723412048,1723412050,na,label_image,12.832929782082324,4,3,5,True
4,2,1723412050,152003.0,0.0,149444.0,8066439.0,1039.0,0.0,3343.0,1723412048,1723412050,na,label_image,37.19211822660099,5,3,5,True
4,2,1723412051,152004.0,0.0,149466.0,8066834.0,1039.0,0.0,3343.0,1723412048,1723412050,na,label_image,5.502392344497609,6,3,5,False
4,2,1723412052,152004.0,0.0,149479.0,8067236.0,1039.0,0.0,3343.0,1723412048,1723412050,na,label_image,3.1325301204819245,7,3,5,False
4,2,1723412053,152005.0,0.0,149493.0,8067636.0,1039.0,0.0,3343.0,1723412048,1723412050,na,label_image,3.6144578313253017,8,3,5,False
5,2,1723412056,152153.0,0.0,149589.0,8068682.0,1039.0,0.0,3345.0,1723412059,1723412060,na,label_image,3.65531962046175,0,3,4,False
5,2,1723412057,152153.0,0.0,149607.0,8069082.0,1040.0,0.0,3345.0,1723412059,1723412060,na,label_image,4.534606205250602,1,3,4,False
5,2,1723412058,152154.0,0.0,149624.0,8069483.0,1040.0,0.0,3345.0,1723412059,1723412060,na,label_image,4.2959427207637235,2,3,4,False
5,2,1723412059,152181.0,0.0,149653.0,8069845.0,1040.0,0.0,3345.0,1723412059,1723412060,na,label_image,13.397129186602875,3,3,4,True
5,2,1723412060,152268.0,0.0,149722.0,8070101.0,1040.0,0.0,3345.0,1723412059,1723412060,na,label_image,37.86407766990292,4,3,4,True
5,2,1723412061,152272.0,0.0,149734.0,8070499.0,1040.0,0.0,3345.0,1723412059,1723412060,na,label_image,3.864734299516903,5,3,4,False
5,2,1723412062,152273.0,0.0,149745.0,8070900.0,1041.0,0.0,3345.0,1723412059,1723412060,na,label_image,3.1400966183574908,6,3,4,False
5,2,1723412063,152276.0,0.0,149761.0,8071301.0,1041.0,0.0,3345.0,1723412059,1723412060,na,label_image,4.523809523809518,7,3,4,False
6,2,1723412067,152427.0,0.0,149862.0,8072334.0,1041.0,0.0,3348.0,1723412069,1723412071,na,label_image,3.6600735265685302,0,2,4,False
6,2,1723412068,152433.0,0.0,149874.0,8072738.0,1041.0,0.0,3348.0,1723412069,1723412071,na,label_image,4.265402843601896,1,2,4,False
6,2,1723412069,152434.0,0.0,149885.0,8073139.0,1041.0,0.0,3348.0,1723412069,1723412071,na,label_image,2.9055690072639195,2,2,4,True
6,2,1723412070,152461.0,0.0,149916.0,8073495.0,1041.0,0.0,3348.0,1723412069,1723412071,na,label_image,14.009661835748787,3,2,4,True
6,2,1723412071,152556.0,0.0,149977.0,8073753.0,1041.0,0.0,3348.0,1723412069,1723412071,na,label_image,37.68115942028986,4,2,4,True
6,2,1723412072,152558.0,0.0,149993.0,8074148.0,1042.0,0.0,3348.0,1723412069,1723412071,na,label_image,4.589371980676327,5,2,4,False
6,2,1723412073,152559.0,0.0,150003.0,8074549.0,1042.0,0.0,3348.0,1723412069,1723412071,na,label_image,2.669902912621358,6,2,4,False
6,2,1723412074,152560.0,0.0,150015.0,8074949.0,1042.0,0.0,3348.0,1723412069,1723412071,na,label_image,3.147699757869249,7,2,4,False
7,2,1723412077,152722.0,0.0,150108.0,8076005.0,1042.0,0.0,3348.0,1723412080,1723412082,na,label_image,3.6646994444262226,0,3,5,False
7,2,1723412078,152724.0,0.0,150124.0,8076409.0,1043.0,0.0,3348.0,1723412080,1723412082,na,label_image,4.491725768321508,1,3,5,False
7,2,1723412079,152727.0,0.0,150134.0,8076812.0,1043.0,0.0,3348.0,1723412080,1723412082,na,label_image,3.125,2,3,5,False
7,2,1723412080,152754.0,0.0,150172.0,8077170.0,1043.0,0.0,3348.0,1723412080,1723412082,na,label_image,15.36643026004728,3,3,5,True
7,2,1723412081,152852.0,0.0,150232.0,8077433.0,1043.0,0.0,3348.0,1723412080,1723412082,na,label_image,37.52969121140143,4,3,5,True
7,2,1723412082,152854.0,0.0,150248.0,8077837.0,1043.0,0.0,3348.0,1723412080,1723412082,na,label_image,4.265402843601896,5,3,5,True
7,2,1723412083,152857.0,0.0,150257.0,8078240.0,1044.0,0.0,3348.0,1723412080,1723412082,na,label_image,3.125,6,3,5,False
7,2,1723412085,152861.0,0.0,150269.0,8078642.0,1044.0,0.0,3348.0,1723412080,1723412082,na,label_image,3.8277511961722466,8,3,5,False
8,2,1723412088,153015.0,0.0,150366.0,8079664.0,1044.0,0.0,3348.0,1723412090,1723412092,na,label_image,3.6694523011022273,0,2,4,False
8,2,1723412089,153017.0,0.0,150382.0,8080067.0,1044.0,0.0,3348.0,1723412090,1723412092,na,label_image,4.275534441805229,1,2,4,False
8,2,1723412090,153018.0,0.0,150397.0,8080469.0,1044.0,0.0,3348.0,1723412090,1723412092,na,label_image,3.8277511961722466,2,2,4,True
8,2,1723412091,153042.0,0.0,150427.0,8080829.0,1044.0,0.0,3348.0,1723412090,1723412092,na,label_image,13.043478260869568,3,2,4,True
8,2,1723412092,153144.0,0.0,150478.0,8081085.0,1044.0,0.0,3348.0,1723412090,1723412092,na,label_image,37.40831295843521,4,2,4,True
8,2,1723412093,153148.0,0.0,150496.0,8081480.0,1044.0,0.0,3348.0,1723412090,1723412092,na,label_image,5.275779376498802,5,2,4,False
8,2,1723412094,153149.0,0.0,150509.0,8081882.0,1044.0,0.0,3348.0,1723412090,1723412092,na,label_image,3.3653846153846145,6,2,4,False
8,2,1723412095,153149.0,0.0,150523.0,8082282.0,1044.0,0.0,3348.0,1723412090,1723412092,na,label_image,3.3816425120772986,7,2,4,False
9,2,1723412098,153317.0,0.0,150620.0,8083359.0,1045.0,0.0,3348.0,1723412101,1723412103,na,label_image,3.674230539287149,0,3,5,False
9,2,1723412099,153319.0,0.0,150630.0,8083762.0,1045.0,0.0,3348.0,1723412101,1723412103,na,label_image,2.8915662650602414,1,3,5,False
9,2,1723412101,153320.0,0.0,150645.0,8084164.0,1045.0,0.0,3348.0,1723412101,1723412103,na,label_image,3.8277511961722466,3,3,5,True
9,2,1723412102,153354.0,0.0,150669.0,8084524.0,1045.0,0.0,3348.0,1723412101,1723412103,na,label_image,13.875598086124397,4,3,5,True
9,2,1723412103,153458.0,0.0,150727.0,8084783.0,1045.0,0.0,3348.0,1723412101,1723412103,na,label_image,38.479809976247026,5,3,5,True
9,2,1723412104,153460.0,0.0,150743.0,8085183.0,1045.0,0.0,3348.0,1723412101,1723412103,na,label_image,4.30622009569378,6,3,5,False
9,2,1723412105,153463.0,0.0,150752.0,8085583.0,1045.0,0.0,3349.0,1723412101,1723412103,na,label_image,3.147699757869249,7,3,5,False
9,2,1723412106,153465.0,0.0,150765.0,8085983.0,1045.0,0.0,3349.0,1723412101,1723412103,na,label_image,3.6144578313253017,8,3,5,False
10,2,1723412109,153623.0,0.0,150867.0,8087047.0,1046.0,0.0,3349.0,1723412112,1723412113,na,label_image,3.6789840603759005,0,3,4,False
10,2,1723412110,153625.0,0.0,150881.0,8087449.0,1046.0,0.0,3349.0,1723412112,1723412113,na,label_image,3.8277511961722466,1,3,4,False
10,2,1723412111,153628.0,0.0,150895.0,8087851.0,1046.0,0.0,3349.0,1723412112,1723412113,na,label_image,4.057279236276845,2,3,4,False
10,2,1723412112,153664.0,0.0,150924.0,8088205.0,1046.0,0.0,3349.0,1723412112,1723412113,na,label_image,15.513126491646778,3,3,4,True
10,2,1723412113,153753.0,0.0,150974.0,8088487.0,1046.0,0.0,3350.0,1723412112,1723412113,na,label_image,33.175355450236964,4,3,4,True
10,2,1723412114,153755.0,0.0,150990.0,8088892.0,1046.0,0.0,3350.0,1723412112,1723412113,na,label_image,4.255319148936165,5,3,4,False
10,2,1723412115,153756.0,0.0,151000.0,8089295.0,1047.0,0.0,3350.0,1723412112,1723412113,na,label_image,2.8915662650602414,6,3,4,False
10,2,1723412116,153769.0,0.0,151018.0,8089682.0,1047.0,0.0,3350.0,1723412112,1723412113,na,label_image,7.4162679425837315,7,3,4,False
11,2,1723412120,153920.0,0.0,151118.0,8090679.0,1048.0,0.0,3350.0,1723412122,1723412124,na,label_image,3.683711472997686,0,2,4,False
11,2,1723412121,153923.0,0.0,151132.0,8091078.0,1048.0,0.0,3350.0,1723412122,1723412124,na,label_image,4.086538461538458,1,2,4,False
11,2,1723412122,153924.0,0.0,151141.0,8091480.0,1048.0,0.0,3350.0,1723412122,1723412124,na,label_image,2.4271844660194164,2,2,4,True
11,2,1723412123,153953.0,0.0,151175.0,8091834.0,1048.0,0.0,3350.0,1723412122,1723412124,na,label_image,15.107913669064743,3,2,4,True
11,2,1723412124,154053.0,0.0,151228.0,8092098.0,1048.0,0.0,3350.0,1723412122,1723412124,na,label_image,36.69064748201439,4,2,4,True
11,2,1723412125,154057.0,0.0,151242.0,8092499.0,1048.0,0.0,3350.0,1723412122,1723412124,na,label_image,4.2959427207637235,5,2,4,False
11,2,1723412126,154057.0,0.0,151252.0,8092900.0,1048.0,0.0,3350.0,1723412122,1723412124,na,label_image,2.4330900243308973,6,2,4,False
11,2,1723412127,154062.0,0.0,151266.0,8093295.0,1048.0,0.0,3350.0,1723412122,1723412124,na,label_image,4.589371980676327,7,2,4,False
12,2,1723412130,154204.0,0.0,151351.0,8094240.0,1048.0,0.0,3350.0,1723412133,1723412134,na,label_image,3.6880757022119792,0,3,4,False
12,2,1723412131,154207.0,0.0,151364.0,8094636.0,1048.0,0.0,3350.0,1723412133,1723412134,na,label_image,3.8834951456310662,1,3,4,False
12,2,1723412132,154208.0,0.0,151381.0,8095038.0,1048.0,0.0,3350.0,1723412133,1723412134,na,label_image,4.285714285714281,2,3,4,False
12,2,1723412133,154234.0,0.0,151409.0,8095403.0,1048.0,0.0,3350.0,1723412133,1723412134,na,label_image,12.887828162291171,3,3,4,True
12,2,1723412134,154325.0,0.0,151467.0,8095667.0,1048.0,0.0,3350.0,1723412133,1723412134,na,label_image,36.077481840193705,4,3,4,True
12,2,1723412135,154327.0,0.0,151484.0,8096067.0,1048.0,0.0,3350.0,1723412133,1723412134,na,label_image,4.534606205250602,5,3,4,False
12,2,1723412136,154327.0,0.0,151495.0,8096467.0,1049.0,0.0,3350.0,1723412133,1723412134,na,label_image,2.9126213592232997,6,3,4,False
12,2,1723412137,154332.0,0.0,151506.0,8096869.0,1049.0,0.0,3350.0,1723412133,1723412134,na,label_image,3.8277511961722466,7,3,4,False
13,2,1723412140,154497.0,0.0,151600.0,8097894.0,1049.0,0.0,3353.0,1723412143,1723412145,na,label_image,3.6927270169222592,0,3,5,False
13,2,1723412141,154501.0,0.0,151613.0,8098292.0,1049.0,0.0,3354.0,1723412143,1723412145,na,label_image,4.326923076923073,1,3,5,False
13,2,1723412143,154501.0,0.0,151629.0,8098693.0,1049.0,0.0,3354.0,1723412143,1723412145,na,label_image,3.83693045563549,3,3,5,True
13,2,1723412144,154522.0,0.0,151660.0,8099056.0,1049.0,0.0,3354.0,1723412143,1723412145,na,label_image,12.530120481927709,4,3,5,True
13,2,1723412145,154629.0,0.0,151718.0,8099313.0,1049.0,0.0,3355.0,1723412143,1723412145,na,label_image,39.2434988179669,5,3,5,True
13,2,1723412146,154632.0,0.0,151736.0,8099711.0,1049.0,0.0,3355.0,1723412143,1723412145,na,label_image,5.011933174224348,6,3,5,False
13,2,1723412147,154633.0,0.0,151747.0,8100112.0,1050.0,0.0,3355.0,1723412143,1723412145,na,label_image,3.1400966183574908,7,3,5,False
13,2,1723412148,154636.0,0.0,151763.0,8100514.0,1050.0,0.0,3355.0,1723412143,1723412145,na,label_image,4.513064133016631,8,3,5,False
14,2,1723412151,154779.0,0.0,151859.0,8101522.0,1050.0,0.0,3360.0,1723412154,1723412155,na,label_image,3.6974194568366148,0,3,4,False
14,2,1723412152,154779.0,0.0,151874.0,8101918.0,1050.0,0.0,3361.0,1723412154,1723412155,na,label_image,3.8834951456310662,1,3,4,False
14,2,1723412153,154779.0,0.0,151891.0,8102320.0,1050.0,0.0,3361.0,1723412154,1723412155,na,label_image,4.057279236276845,2,3,4,False
14,2,1723412154,154803.0,0.0,151919.0,8102684.0,1050.0,0.0,3361.0,1723412154,1723412155,na,label_image,12.5,3,3,4,True
14,2,1723412155,154898.0,0.0,151983.0,8102940.0,1050.0,0.0,3361.0,1723412154,1723412155,na,label_image,38.313253012048186,4,3,4,True
14,2,1723412156,154904.0,0.0,152003.0,8103333.0,1050.0,0.0,3361.0,1723412154,1723412155,na,label_image,6.205250596658707,5,3,4,False
14,2,1723412157,154906.0,0.0,152022.0,8103734.0,1050.0,0.0,3361.0,1723412154,1723412155,na,label_image,4.976303317535546,6,3,4,False
14,2,1723412158,154910.0,0.0,152031.0,8104136.0,1050.0,0.0,3361.0,1723412154,1723412155,na,label_image,3.1325301204819245,7,3,4,False
15,2,1723412162,155060.0,0.0,152126.0,8105187.0,1050.0,0.0,3362.0,1723412164,1723412166,na,label_image,3.702102406084984,0,2,4,False
15,2,1723412163,155063.0,0.0,152141.0,8105586.0,1051.0,0.0,3362.0,1723412164,1723412166,na,label_image,4.545454545454541,1,2,4,False
15,2,1723412164,155066.0,0.0,152153.0,8105988.0,1051.0,0.0,3362.0,1723412164,1723412166,na,label_image,3.597122302158273,2,2,4,True
15,2,1723412165,155088.0,0.0,152180.0,8106352.0,1051.0,0.0,3362.0,1723412164,1723412166,na,label_image,11.864406779661019,3,2,4,True
15,2,1723412166,155186.0,0.0,152233.0,8106623.0,1051.0,0.0,3362.0,1723412164,1723412166,na,label_image,35.78199052132701,4,2,4,True
15,2,1723412167,155187.0,0.0,152246.0,8107024.0,1051.0,0.0,3362.0,1723412164,1723412166,na,label_image,3.3734939759036187,5,2,4,False
15,2,1723412168,155189.0,0.0,152258.0,8107425.0,1052.0,0.0,3362.0,1723412164,1723412166,na,label_image,3.605769230769229,6,2,4,False
15,2,1723412169,155197.0,0.0,152272.0,8107816.0,1052.0,0.0,3362.0,1723412164,1723412166,na,label_image,5.326876513317192,7,2,4,False
16,2,1723412172,155349.0,0.0,152354.0,8108781.0,1052.0,0.0,3362.0,1723412175,1723412176,na,label_image,3.7064574348246504,0,3,4,False
16,2,1723412173,155354.0,0.0,152370.0,8109178.0,1052.0,0.0,3362.0,1723412175,1723412176,na,label_image,5.0239234449760755,1,3,4,False
16,2,1723412174,155358.0,0.0,152378.0,8109580.0,1052.0,0.0,3362.0,1723412175,1723412176,na,label_image,2.898550724637683,2,3,4,False
16,2,1723412175,155390.0,0.0,152402.0,8109944.0,1052.0,0.0,3363.0,1723412175,1723412176,na,label_image,13.539192399049881,3,3,4,True
16,2,1723412176,155491.0,0.0,152452.0,8110201.0,1052.0,0.0,3363.0,1723412175,1723412176,na,label_image,37.00980392156863,4,3,4,True
16,2,1723412177,155499.0,0.0,152469.0,8110593.0,1052.0,0.0,3363.0,1723412175,1723412176,na,label_image,5.995203836930452,5,3,4,False
16,2,1723412178,155501.0,0.0,152482.0,8110994.0,1052.0,0.0,3363.0,1723412175,1723412176,na,label_image,3.605769230769229,6,3,4,False
16,2,1723412179,155502.0,0.0,152492.0,8111397.0,1052.0,0.0,3363.0,1723412175,1723412176,na,label_image,2.657004830917875,7,3,4,False
17,2,1723412182,155643.0,0.0,152598.0,8112401.0,1052.0,0.0,3365.0,1723412185,1723412187,na,label_image,3.711048195626876,0,3,5,False
17,2,1723412183,155649.0,0.0,152607.0,8112799.0,1053.0,0.0,3365.0,1723412185,1723412187,na,label_image,3.864734299516903,1,3,5,False
17,2,1723412184,155653.0,0.0,152619.0,8113202.0,1053.0,0.0,3365.0,1723412185,1723412187,na,label_image,3.8186157517899777,2,3,5,False
17,2,1723412185,155677.0,0.0,152644.0,8113566.0,1053.0,0.0,3365.0,1723412185,1723412187,na,label_image,11.864406779661019,3,3,5,True
17,2,1723412187,155774.0,0.0,152690.0,8113836.0,1053.0,0.0,3365.0,1723412185,1723412187,na,label_image,34.62469733656174,5,3,5,True
17,2,1723412188,155777.0,0.0,152699.0,8114236.0,1053.0,0.0,3365.0,1723412185,1723412187,na,label_image,2.9126213592232997,6,3,5,False
17,2,1723412189,155781.0,0.0,152708.0,8114637.0,1053.0,0.0,3365.0,1723412185,1723412187,na,label_image,3.1400966183574908,7,3,5,False
17,2,1723412190,155793.0,0.0,152722.0,8115032.0,1053.0,0.0,3365.0,1723412185,1723412187,na,label_image,6.175771971496435,8,3,5,False
18,2,1723412193,155944.0,0.0,152815.0,8116044.0,1053.0,0.0,3365.0,1723412195,1723412197,na,label_image,3.715372986424248,0,2,4,False
18,2,1723412194,155945.0,0.0,152832.0,8116448.0,1053.0,0.0,3365.0,1723412195,1723412197,na,label_image,4.265402843601896,1,2,4,False
18,2,1723412195,155946.0,0.0,152844.0,8116851.0,1053.0,0.0,3365.0,1723412195,1723412197,na,label_image,3.125,2,2,4,True
18,2,1723412196,155974.0,0.0,152870.0,8117210.0,1053.0,0.0,3365.0,1723412195,1723412197,na,label_image,13.075060532687655,3,2,4,True
18,2,1723412197,156083.0,0.0,152931.0,8117468.0,1053.0,0.0,3365.0,1723412195,1723412197,na,label_image,39.719626168224295,4,2,4,True
18,2,1723412198,156084.0,0.0,152948.0,8117868.0,1054.0,0.0,3365.0,1723412195,1723412197,na,label_image,4.534606205250602,5,2,4,False
18,2,1723412199,156084.0,0.0,152959.0,8118270.0,1054.0,0.0,3365.0,1723412195,1723412197,na,label_image,2.66343825665859,6,2,4,False
18,2,1723412200,156085.0,0.0,152972.0,8118670.0,1054.0,0.0,3365.0,1723412195,1723412197,na,label_image,3.3816425120772986,7,2,4,False
19,2,1723412203,156239.0,0.0,153068.0,8119714.0,1054.0,0.0,3365.0,1723412206,1723412208,na,label_image,3.7200240945569063,0,3,5,False
19,2,1723412204,156239.0,0.0,153080.0,8120117.0,1054.0,0.0,3365.0,1723412206,1723412208,na,label_image,2.8915662650602414,1,3,5,False
19,2,1723412206,156240.0,0.0,153096.0,8120519.0,1054.0,0.0,3365.0,1723412206,1723412208,na,label_image,4.057279236276845,3,3,5,True
19,2,1723412207,156263.0,0.0,153128.0,8120882.0,1054.0,0.0,3366.0,1723412206,1723412208,na,label_image,13.365155131264917,4,3,5,True
19,2,1723412208,156359.0,0.0,153171.0,8121158.0,1054.0,0.0,3366.0,1723412206,1723412208,na,label_image,33.49397590361446,5,3,5,True
19,2,1723412209,156363.0,0.0,153182.0,8121562.0,1054.0,0.0,3366.0,1723412206,1723412208,na,label_image,3.5799522673030992,6,3,5,False
19,2,1723412210,156365.0,0.0,153196.0,8121964.0,1054.0,0.0,3366.0,1723412206,1723412208,na,label_image,3.8277511961722466,7,3,5,False
19,2,1723412211,156376.0,0.0,153211.0,8122359.0,1054.0,0.0,3366.0,1723412206,1723412208,na,label_image,6.175771971496435,8,3,5,False
0,1,1723411801,145868.0,0.0,144066.0,7978897.0,1017.0,0.0,3282.0,1723411803,1723411805,na,label_image,3.556489502763771,0,2,4,False
0,1,1723411802,145872.0,0.0,144080.0,7979294.0,1017.0,0.0,3282.0,1723411803,1723411805,na,label_image,4.337349397590362,1,2,4,False
0,1,1723411803,145874.0,0.0,144091.0,7979696.0,1017.0,0.0,3282.0,1723411803,1723411805,na,label_image,3.1325301204819245,2,2,4,True
0,1,1723411804,145900.0,0.0,144119.0,7980059.0,1017.0,0.0,3282.0,1723411803,1723411805,na,label_image,12.949640287769782,3,2,4,True
0,1,1723411805,145968.0,0.0,144156.0,7980372.0,1017.0,0.0,3282.0,1723411803,1723411805,na,label_image,25.119617224880386,4,2,4,True
0,1,1723411806,145969.0,0.0,144167.0,7980773.0,1017.0,0.0,3282.0,1723411803,1723411805,na,label_image,2.9055690072639195,5,2,4,False
0,1,1723411807,145969.0,0.0,144177.0,7981175.0,1017.0,0.0,3282.0,1723411803,1723411805,na,label_image,2.4271844660194164,6,2,4,False
0,1,1723411808,145984.0,0.0,144198.0,7981558.0,1017.0,0.0,3282.0,1723411803,1723411805,na,label_image,8.591885441527447,7,2,4,False
1,1,1723411811,146136.0,0.0,144279.0,7982529.0,1017.0,0.0,3283.0,1723411814,1723411815,na,label_image,3.56054503165546,0,3,4,False
1,1,1723411812,146139.0,0.0,144299.0,7982925.0,1017.0,0.0,3283.0,1723411814,1723411815,na,label_image,5.489260143198093,1,3,4,False
1,1,1723411813,146140.0,0.0,144310.0,7983327.0,1017.0,0.0,3283.0,1723411814,1723411815,na,label_image,2.898550724637683,2,3,4,False
1,1,1723411814,146170.0,0.0,144332.0,7983693.0,1017.0,0.0,3283.0,1723411814,1723411815,na,label_image,12.440191387559807,3,3,4,True
1,1,1723411815,146239.0,0.0,144368.0,7984002.0,1017.0,0.0,3283.0,1723411814,1723411815,na,label_image,25.36231884057971,4,3,4,True
1,1,1723411816,146241.0,0.0,144379.0,7984403.0,1017.0,0.0,3283.0,1723411814,1723411815,na,label_image,3.1400966183574908,5,3,4,False
1,1,1723411817,146243.0,0.0,144387.0,7984805.0,1018.0,0.0,3283.0,1723411814,1723411815,na,label_image,2.66343825665859,6,3,4,False
1,1,1723411818,146255.0,0.0,144401.0,7985191.0,1018.0,0.0,3283.0,1723411814,1723411815,na,label_image,6.310679611650483,7,3,4,False
2,1,1723411821,146414.0,0.0,144490.0,7986173.0,1018.0,0.0,3283.0,1723411824,1723411825,na,label_image,3.564684524725237,0,3,4,False
2,1,1723411822,146415.0,0.0,144509.0,7986570.0,1019.0,0.0,3283.0,1723411824,1723411825,na,label_image,5.0239234449760755,1,3,4,False
2,1,1723411823,146417.0,0.0,144520.0,7986971.0,1019.0,0.0,3283.0,1723411824,1723411825,na,label_image,3.1400966183574908,2,3,4,False
2,1,1723411824,146442.0,0.0,144546.0,7987337.0,1019.0,0.0,3283.0,1723411824,1723411825,na,label_image,12.230215827338132,3,3,4,True
2,1,1723411826,146509.0,0.0,144585.0,7987647.0,1019.0,0.0,3283.0,1723411824,1723411825,na,label_image,25.48076923076923,5,3,4,False
2,1,1723411827,146511.0,0.0,144594.0,7988050.0,1019.0,0.0,3283.0,1723411824,1723411825,na,label_image,2.657004830917875,6,3,4,False
2,1,1723411828,146514.0,0.0,144608.0,7988451.0,1019.0,0.0,3283.0,1723411824,1723411825,na,label_image,4.066985645933019,7,3,4,False
2,1,1723411829,146528.0,0.0,144624.0,7988836.0,1019.0,0.0,3284.0,1723411824,1723411825,na,label_image,7.451923076923073,8,3,4,False
3,1,1723411832,146680.0,0.0,144714.0,7989836.0,1019.0,0.0,3288.0,1723411834,1723411835,na,label_image,3.5688815341721414,0,2,3,False
3,1,1723411833,146683.0,0.0,144731.0,7990235.0,1019.0,0.0,3288.0,1723411834,1723411835,na,label_image,4.77326968973747,1,2,3,False
3,1,1723411834,146684.0,0.0,144744.0,7990636.0,1019.0,0.0,3288.0,1723411834,1723411835,na,label_image,3.3734939759036187,2,2,3,True
3,1,1723411835,146707.0,0.0,144772.0,7990998.0,1019.0,0.0,3288.0,1723411834,1723411835,na,label_image,12.348668280871667,3,2,3,True
3,1,1723411836,146746.0,0.0,144795.0,7991352.0,1019.0,0.0,3288.0,1723411834,1723411835,na,label_image,14.903846153846157,4,2,3,False
3,1,1723411837,146748.0,0.0,144812.0,7991754.0,1019.0,0.0,3288.0,1723411834,1723411835,na,label_image,4.513064133016631,5,2,3,False
3,1,1723411838,146749.0,0.0,144822.0,7992156.0,1020.0,0.0,3288.0,1723411834,1723411835,na,label_image,2.898550724637683,6,2,3,False
4,1,1723411842,146898.0,0.0,144936.0,7993384.0,1020.0,0.0,3289.0,1723411844,1723411845,na,label_image,3.5724957527733525,0,2,3,False
4,1,1723411843,146901.0,0.0,144951.0,7993786.0,1020.0,0.0,3289.0,1723411844,1723411845,na,label_image,4.285714285714281,1,2,3,False
4,1,1723411844,146902.0,0.0,144963.0,7994187.0,1020.0,0.0,3289.0,1723411844,1723411845,na,label_image,3.1400966183574908,2,2,3,True
4,1,1723411845,146927.0,0.0,144991.0,7994550.0,1020.0,0.0,3289.0,1723411844,1723411845,na,label_image,12.740384615384615,3,2,3,True
4,1,1723411846,146960.0,0.0,145020.0,7994912.0,1020.0,0.0,3289.0,1723411844,1723411845,na,label_image,14.622641509433965,4,2,3,False
4,1,1723411847,146961.0,0.0,145033.0,7995314.0,1020.0,0.0,3289.0,1723411844,1723411845,na,label_image,3.3653846153846145,5,2,3,False
4,1,1723411848,146962.0,0.0,145047.0,7995717.0,1020.0,0.0,3289.0,1723411844,1723411845,na,label_image,3.5885167464114853,6,2,3,False
5,1,1723411852,147109.0,0.0,145145.0,7996922.0,1020.0,0.0,3292.0,1723411854,1723411855,na,label_image,3.5758899030178815,0,2,3,False
5,1,1723411853,147113.0,0.0,145156.0,7997324.0,1020.0,0.0,3292.0,1723411854,1723411855,na,label_image,3.597122302158273,1,2,3,False
5,1,1723411854,147118.0,0.0,145169.0,7997727.0,1020.0,0.0,3292.0,1723411854,1723411855,na,label_image,4.275534441805229,2,2,3,True
5,1,1723411855,147147.0,0.0,145198.0,7998088.0,1020.0,0.0,3292.0,1723411854,1723411855,na,label_image,13.842482100238662,3,2,3,True
5,1,1723411856,147185.0,0.0,145217.0,7998449.0,1020.0,0.0,3292.0,1723411854,1723411855,na,label_image,13.636363636363635,4,2,3,False
5,1,1723411857,147188.0,0.0,145230.0,7998852.0,1020.0,0.0,3292.0,1723411854,1723411855,na,label_image,3.8186157517899777,5,2,3,False
5,1,1723411858,147190.0,0.0,145245.0,7999255.0,1020.0,0.0,3292.0,1723411854,1723411855,na,label_image,4.047619047619044,6,2,3,False
6,1,1723411862,147342.0,0.0,145342.0,8000460.0,1021.0,0.0,3294.0,1723411864,1723411865,na,label_image,3.5793970178099155,0,2,3,False
6,1,1723411863,147344.0,0.0,145352.0,8000862.0,1021.0,0.0,3294.0,1723411864,1723411865,na,label_image,2.898550724637683,1,2,3,False
6,1,1723411864,147346.0,0.0,145366.0,8001264.0,1021.0,0.0,3294.0,1723411864,1723411865,na,label_image,3.8277511961722466,2,2,3,True
6,1,1723411865,147368.0,0.0,145396.0,8001625.0,1021.0,0.0,3294.0,1723411864,1723411865,na,label_image,12.590799031476996,3,2,3,True
6,1,1723411866,147405.0,0.0,145421.0,8001984.0,1021.0,0.0,3295.0,1723411864,1723411865,na,label_image,14.92890995260664,4,2,3,False
6,1,1723411867,147406.0,0.0,145430.0,8002386.0,1021.0,0.0,3295.0,1723411864,1723411865,na,label_image,2.4271844660194164,5,2,3,False
6,1,1723411868,147407.0,0.0,145445.0,8002789.0,1021.0,0.0,3296.0,1723411864,1723411865,na,label_image,4.047619047619044,6,2,3,False
7,1,1723411872,147557.0,0.0,145552.0,8004004.0,1022.0,0.0,3299.0,1723411874,1723411875,na,label_image,3.582874958711957,0,2,3,False
7,1,1723411873,147557.0,0.0,145565.0,8004405.0,1022.0,0.0,3299.0,1723411874,1723411875,na,label_image,3.1400966183574908,1,2,3,False
7,1,1723411874,147561.0,0.0,145578.0,8004807.0,1022.0,0.0,3299.0,1723411874,1723411875,na,label_image,4.057279236276845,2,2,3,True
7,1,1723411875,147590.0,0.0,145607.0,8005166.0,1022.0,0.0,3300.0,1723411874,1723411875,na,label_image,14.114832535885169,3,2,3,True
7,1,1723411876,147627.0,0.0,145628.0,8005527.0,1022.0,0.0,3300.0,1723411874,1723411875,na,label_image,13.842482100238662,4,2,3,False
7,1,1723411877,147628.0,0.0,145642.0,8005928.0,1022.0,0.0,3300.0,1723411874,1723411875,na,label_image,3.605769230769229,5,2,3,False
7,1,1723411878,147630.0,0.0,145653.0,8006329.0,1022.0,0.0,3300.0,1723411874,1723411875,na,label_image,3.1400966183574908,6,2,3,False
8,1,1723411882,147784.0,0.0,145745.0,8007519.0,1023.0,0.0,3301.0,1723411884,1723411885,na,label_image,3.5862692243044614,0,2,3,False
8,1,1723411883,147786.0,0.0,145760.0,8007919.0,1023.0,0.0,3301.0,1723411884,1723411885,na,label_image,4.076738609112707,1,2,3,False
8,1,1723411884,147787.0,0.0,145770.0,8008322.0,1023.0,0.0,3301.0,1723411884,1723411885,na,label_image,2.657004830917875,2,2,3,True
8,1,1723411885,147817.0,0.0,145799.0,8008682.0,1023.0,0.0,3301.0,1723411884,1723411885,na,label_image,14.08114558472554,3,2,3,True
8,1,1723411886,147852.0,0.0,145822.0,8009041.0,1023.0,0.0,3301.0,1723411884,1723411885,na,label_image,13.90887290167866,4,2,3,False
8,1,1723411887,147854.0,0.0,145836.0,8009441.0,1023.0,0.0,3301.0,1723411884,1723411885,na,label_image,3.8461538461538436,5,2,3,False
8,1,1723411888,147858.0,0.0,145849.0,8009844.0,1023.0,0.0,3301.0,1723411884,1723411885,na,label_image,4.047619047619044,6,2,3,False
9,1,1723411892,148011.0,0.0,145948.0,8011080.0,1023.0,0.0,3302.0,1723411894,1723411895,na,label_image,3.5897332214595457,0,2,3,False
9,1,1723411893,148012.0,0.0,145961.0,8011481.0,1024.0,0.0,3302.0,1723411894,1723411895,na,label_image,3.605769230769229,1,2,3,False
9,1,1723411894,148014.0,0.0,145976.0,8011883.0,1024.0,0.0,3302.0,1723411894,1723411895,na,label_image,4.057279236276845,2,2,3,True
9,1,1723411895,148041.0,0.0,146005.0,8012241.0,1024.0,0.0,3302.0,1723411894,1723411895,na,label_image,13.526570048309184,3,2,3,True
9,1,1723411896,148076.0,0.0,146026.0,8012601.0,1024.0,0.0,3302.0,1723411894,1723411895,na,label_image,13.461538461538458,4,2,3,False
9,1,1723411897,148079.0,0.0,146037.0,8013002.0,1024.0,0.0,3302.0,1723411894,1723411895,na,label_image,3.3734939759036187,5,2,3,False
9,1,1723411898,148079.0,0.0,146048.0,8013401.0,1024.0,0.0,3302.0,1723411894,1723411895,na,label_image,2.682926829268295,6,2,3,False
10,1,1723411902,148233.0,0.0,146144.0,8014623.0,1024.0,0.0,3302.0,1723411904,1723411905,na,label_image,3.593062511923628,0,2,3,False
10,1,1723411903,148236.0,0.0,146159.0,8015025.0,1024.0,0.0,3302.0,1723411904,1723411905,na,label_image,4.285714285714281,1,2,3,False
10,1,1723411904,148236.0,0.0,146170.0,8015426.0,1025.0,0.0,3302.0,1723411904,1723411905,na,label_image,2.9055690072639195,2,2,3,True
10,1,1723411905,148262.0,0.0,146200.0,8015785.0,1025.0,0.0,3302.0,1723411904,1723411905,na,label_image,13.493975903614452,3,2,3,True
10,1,1723411906,148300.0,0.0,146223.0,8016145.0,1025.0,0.0,3302.0,1723411904,1723411905,na,label_image,14.48931116389549,4,2,3,False
10,1,1723411907,148301.0,0.0,146232.0,8016546.0,1025.0,0.0,3302.0,1723411904,1723411905,na,label_image,2.4330900243308973,5,2,3,False
10,1,1723411908,148302.0,0.0,146249.0,8016948.0,1025.0,0.0,3302.0,1723411904,1723411905,na,label_image,4.285714285714281,6,2,3,False
11,1,1723411912,148460.0,0.0,146344.0,8018153.0,1025.0,0.0,3304.0,1723411914,1723411915,na,label_image,3.596521750003545,0,2,3,False
11,1,1723411913,148463.0,0.0,146357.0,8018555.0,1025.0,0.0,3304.0,1723411914,1723411915,na,label_image,3.8277511961722466,1,2,3,False
11,1,1723411914,148463.0,0.0,146371.0,8018956.0,1025.0,0.0,3304.0,1723411914,1723411915,na,label_image,3.3734939759036187,2,2,3,True
11,1,1723411915,148490.0,0.0,146400.0,8019317.0,1026.0,0.0,3304.0,1723411914,1723411915,na,label_image,13.636363636363635,3,2,3,True
11,1,1723411916,148526.0,0.0,146426.0,8019679.0,1026.0,0.0,3304.0,1723411914,1723411915,na,label_image,14.622641509433965,4,2,3,False
11,1,1723411917,148529.0,0.0,146435.0,8020081.0,1026.0,0.0,3304.0,1723411914,1723411915,na,label_image,2.898550724637683,5,2,3,False
11,1,1723411918,148531.0,0.0,146449.0,8020483.0,1026.0,0.0,3304.0,1723411914,1723411915,na,label_image,3.8277511961722466,6,2,3,False
12,1,1723411922,148677.0,0.0,146555.0,8021699.0,1026.0,0.0,3305.0,1723411924,1723411925,na,label_image,3.5999707736638964,0,2,3,False
12,1,1723411923,148678.0,0.0,146567.0,8022101.0,1026.0,0.0,3305.0,1723411924,1723411925,na,label_image,3.1325301204819245,1,2,3,False
12,1,1723411924,148680.0,0.0,146576.0,8022502.0,1026.0,0.0,3305.0,1723411924,1723411925,na,label_image,2.669902912621358,2,2,3,True
12,1,1723411925,148708.0,0.0,146612.0,8022866.0,1026.0,0.0,3305.0,1723411924,1723411925,na,label_image,14.953271028037385,3,2,3,True
12,1,1723411926,148741.0,0.0,146633.0,8023229.0,1027.0,0.0,3305.0,1723411924,1723411925,na,label_image,13.157894736842103,4,2,3,False
12,1,1723411927,148744.0,0.0,146647.0,8023630.0,1027.0,0.0,3305.0,1723411924,1723411925,na,label_image,4.066985645933019,5,2,3,False
12,1,1723411928,148745.0,0.0,146659.0,8024032.0,1027.0,0.0,3305.0,1723411924,1723411925,na,label_image,3.1325301204819245,6,2,3,False
13,1,1723411931,148891.0,0.0,146761.0,8025171.0,1028.0,0.0,3307.0,1723411934,1723411935,na,label_image,3.603379058992029,0,3,4,False
13,1,1723411932,148892.0,0.0,146775.0,8025568.0,1028.0,0.0,3307.0,1723411934,1723411935,na,label_image,3.6407766990291246,1,3,4,False
13,1,1723411933,148893.0,0.0,146785.0,8025970.0,1028.0,0.0,3307.0,1723411934,1723411935,na,label_image,2.66343825665859,2,3,4,False
13,1,1723411934,148919.0,0.0,146816.0,8026334.0,1028.0,0.0,3307.0,1723411934,1723411935,na,label_image,13.539192399049881,3,3,4,True
13,1,1723411936,148962.0,0.0,146838.0,8026688.0,1028.0,0.0,3307.0,1723411934,1723411935,na,label_image,15.513126491646778,5,3,4,False
13,1,1723411937,148962.0,0.0,146852.0,8027090.0,1028.0,0.0,3307.0,1723411934,1723411935,na,label_image,3.3653846153846145,6,3,4,False
13,1,1723411938,148962.0,0.0,146869.0,8027491.0,1028.0,0.0,3307.0,1723411934,1723411935,na,label_image,4.066985645933019,7,3,4,False
14,1,1723411941,149122.0,0.0,146972.0,8028715.0,1028.0,0.0,3308.0,1723411944,1723411945,na,label_image,3.6069728645617305,0,3,4,False
14,1,1723411942,149126.0,0.0,146981.0,8029115.0,1029.0,0.0,3308.0,1723411944,1723411945,na,label_image,3.3816425120772986,1,3,4,False
14,1,1723411943,149128.0,0.0,146990.0,8029517.0,1029.0,0.0,3308.0,1723411944,1723411945,na,label_image,2.66343825665859,2,3,4,False
14,1,1723411945,149156.0,0.0,147020.0,8029880.0,1029.0,0.0,3308.0,1723411944,1723411945,na,label_image,13.776722090261284,4,3,4,True
14,1,1723411946,149221.0,0.0,147047.0,8030200.0,1029.0,0.0,3308.0,1723411944,1723411945,na,label_image,22.330097087378643,5,3,4,False
14,1,1723411947,149223.0,0.0,147060.0,8030602.0,1029.0,0.0,3308.0,1723411944,1723411945,na,label_image,3.597122302158273,6,3,4,False
14,1,1723411948,149225.0,0.0,147075.0,8031005.0,1029.0,0.0,3308.0,1723411944,1723411945,na,label_image,4.047619047619044,7,3,4,False
14,1,1723411949,149241.0,0.0,147090.0,8031388.0,1029.0,0.0,3308.0,1723411944,1723411945,na,label_image,7.487922705314009,8,3,4,False
15,1,1723411952,149372.0,0.0,147190.0,8032353.0,1029.0,0.0,3310.0,1723411954,1723411955,na,label_image,3.6108463752574926,0,2,3,False
15,1,1723411953,149375.0,0.0,147203.0,8032755.0,1029.0,0.0,3310.0,1723411954,1723411955,na,label_image,3.8277511961722466,1,2,3,False
15,1,1723411954,149377.0,0.0,147215.0,8033157.0,1029.0,0.0,3310.0,1723411954,1723411955,na,label_image,3.3653846153846145,2,2,3,True
15,1,1723411955,149408.0,0.0,147243.0,8033515.0,1029.0,0.0,3310.0,1723411954,1723411955,na,label_image,14.148681055155876,3,2,3,True
15,1,1723411956,149445.0,0.0,147265.0,8033876.0,1029.0,0.0,3310.0,1723411954,1723411955,na,label_image,14.047619047619042,4,2,3,False
15,1,1723411957,149446.0,0.0,147276.0,8034278.0,1029.0,0.0,3310.0,1723411954,1723411955,na,label_image,2.898550724637683,5,2,3,False
15,1,1723411958,149448.0,0.0,147287.0,8034679.0,1030.0,0.0,3310.0,1723411954,1723411955,na,label_image,3.3734939759036187,6,2,3,False
16,1,1723411962,149603.0,0.0,147386.0,8035830.0,1030.0,0.0,3310.0,1723411964,1723411966,na,label_image,3.6142887523195832,0,2,4,False
16,1,1723411963,149605.0,0.0,147401.0,8036230.0,1030.0,0.0,3310.0,1723411964,1723411966,na,label_image,4.076738609112707,1,2,4,False
16,1,1723411964,149608.0,0.0,147410.0,8036632.0,1030.0,0.0,3310.0,1723411964,1723411966,na,label_image,2.898550724637683,2,2,4,True
16,1,1723411965,149630.0,0.0,147443.0,8036992.0,1031.0,0.0,3310.0,1723411964,1723411966,na,label_image,13.461538461538458,3,2,4,True
16,1,1723411966,149701.0,0.0,147476.0,8037307.0,1031.0,0.0,3310.0,1723411964,1723411966,na,label_image,24.82100238663485,4,2,4,True
16,1,1723411967,149701.0,0.0,147490.0,8037707.0,1031.0,0.0,3310.0,1723411964,1723411966,na,label_image,3.3816425120772986,5,2,4,False
16,1,1723411968,149702.0,0.0,147501.0,8038108.0,1031.0,0.0,3310.0,1723411964,1723411966,na,label_image,2.9055690072639195,6,2,4,False
16,1,1723411969,149719.0,0.0,147516.0,8038491.0,1031.0,0.0,3310.0,1723411964,1723411966,na,label_image,7.710843373493981,7,2,4,False
17,1,1723411972,149872.0,0.0,147619.0,8039475.0,1031.0,0.0,3310.0,1723411975,1723411976,na,label_image,3.618521653740836,0,3,4,False
17,1,1723411973,149873.0,0.0,147629.0,8039878.0,1031.0,0.0,3310.0,1723411975,1723411976,na,label_image,2.657004830917875,1,3,4,False
17,1,1723411974,149877.0,0.0,147640.0,8040282.0,1031.0,0.0,3310.0,1723411975,1723411976,na,label_image,3.5799522673030992,2,3,4,False
17,1,1723411975,149907.0,0.0,147671.0,8040641.0,1031.0,0.0,3311.0,1723411975,1723411976,na,label_image,14.726840855106893,3,3,4,True
17,1,1723411976,149972.0,0.0,147703.0,8040963.0,1031.0,0.0,3311.0,1723411975,1723411976,na,label_image,23.150357995226734,4,3,4,True
17,1,1723411977,149977.0,0.0,147712.0,8041367.0,1031.0,0.0,3311.0,1723411975,1723411976,na,label_image,3.349282296650713,5,3,4,False
17,1,1723411978,149977.0,0.0,147722.0,8041771.0,1031.0,0.0,3311.0,1723411975,1723411976,na,label_image,2.4154589371980673,6,3,4,False
17,1,1723411979,149995.0,0.0,147746.0,8042151.0,1031.0,0.0,3311.0,1723411975,1723411976,na,label_image,9.952606635071092,7,3,4,False
18,1,1723411982,150141.0,0.0,147843.0,8043123.0,1031.0,0.0,3311.0,1723411985,1723411986,na,label_image,3.6226451087293166,0,3,4,False
18,1,1723411983,150141.0,0.0,147861.0,8043524.0,1031.0,0.0,3311.0,1723411985,1723411986,na,label_image,4.2959427207637235,1,3,4,False
18,1,1723411984,150143.0,0.0,147875.0,8043924.0,1032.0,0.0,3311.0,1723411985,1723411986,na,label_image,4.076738609112707,2,3,4,False
18,1,1723411985,150172.0,0.0,147904.0,8044286.0,1032.0,0.0,3311.0,1723411985,1723411986,na,label_image,13.809523809523805,3,3,4,True
18,1,1723411987,150211.0,0.0,147924.0,8044651.0,1032.0,0.0,3311.0,1723411985,1723411986,na,label_image,13.915094339622646,5,3,4,False
18,1,1723411988,150215.0,0.0,147932.0,8045054.0,1032.0,0.0,3311.0,1723411985,1723411986,na,label_image,2.8915662650602414,6,3,4,False
18,1,1723411989,150216.0,0.0,147948.0,8045456.0,1032.0,0.0,3311.0,1723411985,1723411986,na,label_image,4.057279236276845,7,3,4,False
19,1,1723411992,150378.0,0.0,148045.0,8046626.0,1033.0,0.0,3311.0,1723411995,1723411996,na,label_image,3.6262157021474506,0,3,4,False
19,1,1723411993,150380.0,0.0,148060.0,8047024.0,1033.0,0.0,3311.0,1723411995,1723411996,na,label_image,4.0963855421686795,1,3,4,False
19,1,1723411994,150382.0,0.0,148070.0,8047425.0,1033.0,0.0,3311.0,1723411995,1723411996,na,label_image,2.9055690072639195,2,3,4,False
19,1,1723411995,150409.0,0.0,148096.0,8047791.0,1033.0,0.0,3311.0,1723411995,1723411996,na,label_image,12.649164677804292,3,3,4,True
19,1,1723411996,150474.0,0.0,148125.0,8048113.0,1033.0,0.0,3312.0,1723411995,1723411996,na,label_image,22.781774580335735,4,3,4,True
19,1,1723411997,150478.0,0.0,148132.0,8048514.0,1033.0,0.0,3314.0,1723411995,1723411996,na,label_image,3.1400966183574908,5,3,4,False
19,1,1723411999,150481.0,0.0,148148.0,8048916.0,1033.0,0.0,3314.0,1723411995,1723411996,na,label_image,4.513064133016631,7,3,4,False
19,1,1723412000,150504.0,0.0,148162.0,8049294.0,1033.0,0.0,3314.0,1723411995,1723411996,na,label_image,8.915662650602407,8,3,4,False
